open;high;low;close;volume;marketCap;timestamp
0.06183332;0.06634905;0.05261677;0.05816341;75.42;194510.84;"2010-07-13T00:00:00.000Z"
0.07879913;0.08360209;0.06903579;0.07416855;573.24;256302.41;"2010-07-19T00:00:00.000Z"
0.06976299;0.07825864;0.06472816;0.06895142;1555.03;242332.21;"2010-07-25T00:00:00.000Z"
0.06970508;0.07158763;0.05164856;0.06046468;2595.17;216655.53;"2010-08-01T00:00:00.000Z"
0.06115977;0.067016;0.05067227;0.05964825;2625.28;217398.49;"2010-08-07T00:00:00.000Z"
0.06290812;0.0667319;0.05325986;0.06299919;4404.59;234424.72;"2010-08-14T00:00:00.000Z"
0.06994254;0.07134897;0.05853218;0.06581428;4171.63;248006.31;"2010-08-20T00:00:00.000Z"
0.06946493;0.07358336;0.05874443;0.06647771;8983.94;255192.98;"2010-08-27T00:00:00.000Z"
0.06252651;0.06697775;0.05055178;0.06260652;8145.96;243393.16;"2010-09-02T00:00:00.000Z"
0.06027728;0.0630562;0.05008993;0.06010664;2340.15;236659.38;"2010-09-08T00:00:00.000Z"
0.06080235;0.08798316;0.05730564;0.08017105;3660.94;320437.68;"2010-09-15T00:00:00.000Z"
0.0607776;0.07497785;0.05942079;0.06011619;5709.85;244028.53;"2010-09-21T00:00:00.000Z"
0.0609233;0.06640338;0.05602733;0.06121943;7092.92;253063.91;"2010-09-28T00:00:00.000Z"
0.06045428;0.0746667;0.05620154;0.06092854;33882.93;254420.83;"2010-10-04T00:00:00.000Z"
0.11345086;0.12391423;0.10179655;0.11767041;14122.2;497862.04;"2010-10-11T00:00:00.000Z"
0.10194793;0.13183186;0.0981136;0.10547627;18151.31;452814.47;"2010-10-17T00:00:00.000Z"
0.10959341;0.11710837;0.08592103;0.10976226;4400.43;478264.36;"2010-10-23T00:00:00.000Z"
0.19008669;0.21158316;0.17863112;0.19357477;26586.5;858518.63;"2010-10-30T00:00:00.000Z"
0.24133692;0.27421316;0.22636467;0.24709663;36664.92;1110001.31;"2010-11-05T00:00:00.000Z"
0.23283656;0.27296145;0.20652011;0.2584812;40766.91;1181070.61;"2010-11-12T00:00:00.000Z"
0.27075377;0.30435713;0.25226486;0.27879447;37408.68;1293125.43;"2010-11-18T00:00:00.000Z"
0.28655238;0.29316179;0.24392343;0.28;1677.21;1313652.67;"2010-11-25T00:00:00.000Z"
0.21575395;0.2860531;0.21575395;0.24826949;8138.11;1179000.78;"2010-12-01T00:00:00.000Z"
0.23111195;0.27749873;0.22390633;0.23698327;3430.51;1143924.17;"2010-12-08T00:00:00.000Z"
0.2299656;0.27753358;0.21564682;0.2408912;10447.09;1175133.52;"2010-12-14T00:00:00.000Z"
0.24440116;0.28560785;0.22881201;0.26522225;10689.66;1307645.16;"2010-12-20T00:00:00.000Z"
0.26037419;0.29789821;0.23250033;0.26933414;4941.16;1343068.36;"2010-12-27T00:00:00.000Z"
0.30026384;0.36720825;0.2893478;0.3;5350.48;1511302.5;"2011-01-02T00:00:00.000Z"
0.32168196;0.39770308;0.31075822;0.32166037;1684.41;1637934.82;"2011-01-09T00:00:00.000Z"
0.4167296;0.41716638;0.33281089;0.39890679;1517.57;2051767.11;"2011-01-15T00:00:00.000Z"
0.38759435;0.44888446;0.36753511;0.4435984;10503.75;2308031.39;"2011-01-22T00:00:00.000Z"
0.42104254;0.48213312;0.40628473;0.44584833;5338.32;2342297.65;"2011-01-28T00:00:00.000Z"
0.79698998;0.82733492;0.6504046;0.72622888;8520.64;3850467.04;"2011-02-03T00:00:00.000Z"
1.00040517;1.02795032;0.82008582;0.98009726;26567.62;5260157.5;"2011-02-10T00:00:00.000Z"
1.07064245;1.14314212;0.90123929;1.06328791;7173.87;5772138.17;"2011-02-16T00:00:00.000Z"
0.87632091;0.9181206;0.75515674;0.89467964;6725.49;4921744.54;"2011-02-23T00:00:00.000Z"
0.86738661;0.99438223;0.7890518;0.94018803;22603.14;5230007.46;"2011-03-01T00:00:00.000Z"
0.88752454;0.97493366;0.78149505;0.88751374;4534.77;5004623.42;"2011-03-08T00:00:00.000Z"
0.91457115;0.99477553;0.83727738;0.90652589;5273.84;5146660.99;"2011-03-14T00:00:00.000Z"
0.82501976;0.83047545;0.66631455;0.81006312;5820.49;4629844.89;"2011-03-20T00:00:00.000Z"
0.87141371;1.0522619;0.79140584;0.88246896;5341.88;5089132.31;"2011-03-27T00:00:00.000Z"
0.77945294;0.86838038;0.65788248;0.78663443;2485.73;4577524.08;"2011-04-02T00:00:00.000Z"
0.75014057;0.87201622;0.66686071;0.7374432;12133.11;4334193.36;"2011-04-09T00:00:00.000Z"
0.99428932;1.12751323;0.9522451;0.9802467;50433.38;5809701.64;"2011-04-15T00:00:00.000Z"
1.20889653;1.39230966;1.17792125;1.33070731;39343.08;7961455.5;"2011-04-22T00:00:00.000Z"
1.80656316;2.32116785;1.72164205;2.14826056;100104.86;12967491.52;"2011-04-28T00:00:00.000Z"
3.50772212;4.11198915;3.31249409;3.43227823;15386.82;20954316.02;"2011-05-05T00:00:00.000Z"
5.30573076;5.65111791;4.85397424;5.4745564;52620.15;33768740.46;"2011-05-11T00:00:00.000Z"
8.34664659;8.77603909;6.88394476;8.24801087;35225.15;51429440.78;"2011-05-17T00:00:00.000Z"
7.09763158;8.67344819;7.09763158;7.40184431;29287.71;46796125.15;"2011-05-24T00:00:00.000Z"
8.5699695;8.88131213;7.49313737;8.70476856;17645.07;55581470.6;"2011-05-30T00:00:00.000Z"
17.50673502;19.0760579;15.89996109;18.81220706;55255.38;121431385.66;"2011-06-06T00:00:00.000Z"
28.65654635;28.84418882;22.87448548;26.60522553;151649.51;173444121.15;"2011-06-12T00:00:00.000Z"
18.43605531;19.6227914;15.7741238;17.5880335;30149.58;116012867.48;"2011-06-19T00:00:00.000Z"
17.05493511;17.72500274;14.7993654;17.13067337;0;114148957.21;"2011-06-25T00:00:00.000Z"
16.13980162;17.46573572;13.75834803;17.18036266;33253.2;115351102.45;"2011-07-01T00:00:00.000Z"
14.81267971;19.68521588;14.56537681;15.43179937;34899.1;104456692.56;"2011-07-08T00:00:00.000Z"
14.12281612;15.20387656;12.81724558;14.08932564;17638.8;96016993.08;"2011-07-14T00:00:00.000Z"
13.76286198;14.16676124;11.54668407;13.85541898;24954.13;95186382.01;"2011-07-21T00:00:00.000Z"
14.49818448;17.50098926;13.64790906;14.00265318;11476.49;96882607.03;"2011-07-27T00:00:00.000Z"
12.83220976;14.06305971;11.65224076;12.17669533;90371.4;84931562.05;"2011-08-03T00:00:00.000Z"
8.49011886;10.29523939;8.13092912;9.77648703;115129.97;68581323.28;"2011-08-09T00:00:00.000Z"
10.34628916;11.24611122;9.30825078;11.18292394;38216.34;78900840.29;"2011-08-15T00:00:00.000Z"
11.4239971;12.43481415;10.41121521;11.23873487;37031.24;79878465.19;"2011-08-22T00:00:00.000Z"
9.30084387;11.43053264;8.19878175;9.15051016;24053.77;65406702.81;"2011-08-28T00:00:00.000Z"
8.50472743;9.4313507;6.94871078;8.33612022;19604.54;60003184.95;"2011-09-04T00:00:00.000Z"
7.14874193;7.14874193;4.48362939;4.82378567;44585.46;34928911.45;"2011-09-10T00:00:00.000Z"
4.84360455;5.84397254;4.56033675;5.07559468;20298.56;36994360.06;"2011-09-17T00:00:00.000Z"
5.72546009;6.70315435;5.56669789;5.69047118;55804.61;41718693.63;"2011-09-23T00:00:00.000Z"
4.90148141;6.03312999;4.70933436;5.09168621;41370.99;37564806.06;"2011-09-30T00:00:00.000Z"
4.94343992;5.43767407;4.32139659;4.7754939;54906.39;35421629.07;"2011-10-06T00:00:00.000Z"
4.19045557;4.83382138;3.86087408;4.15828811;69082.24;30993280.65;"2011-10-12T00:00:00.000Z"
3.42669227;3.45282027;2.17661336;2.39487145;101793.53;17952854.47;"2011-10-19T00:00:00.000Z"
3.26596142;3.46202056;2.79869435;3.08877469;101328.16;23262411.61;"2011-10-25T00:00:00.000Z"
3.32319125;3.67796925;2.97375503;3.24627475;37989.77;24582821.33;"2011-11-01T00:00:00.000Z"
2.97102251;3.05035042;2.51497179;3.01703135;24126.21;22974756.59;"2011-11-07T00:00:00.000Z"
3.08118786;3.19202616;2.10189666;2.51945701;382085.38;19311569.75;"2011-11-14T00:00:00.000Z"
2.32447425;2.54883495;2.03802729;2.31034448;79831.21;17805536.12;"2011-11-20T00:00:00.000Z"
2.50554266;2.83115315;2.41795466;2.52845821;36101.94;19582719.21;"2011-11-26T00:00:00.000Z"
3.124731;3.1501916;2.65742569;2.96191517;123242.54;23091016.62;"2011-12-03T00:00:00.000Z"
3.07503158;3.20518932;2.57237102;3.08654431;34459.27;24203677.36;"2011-12-09T00:00:00.000Z"
3.24503792;3.24503792;2.67733229;3.2;29906.28;25243440;"2011-12-16T00:00:00.000Z"
4.1772704;4.23539765;3.34833818;4.05652378;57332.52;32178856.6;"2011-12-22T00:00:00.000Z"
4.18252014;5.12420997;3.88301244;4.17361546;53129.25;33332736.39;"2011-12-29T00:00:00.000Z"
4.9133038;6.72313232;4.85760841;5.5466376;131362.55;44549391.44;"2012-01-04T00:00:00.000Z"
6.61694701;8.78966614;6.61694701;7.03364426;109937.09;56834131.56;"2012-01-10T00:00:00.000Z"
6.86748509;7.15180992;5.76985561;6.45205554;213277.58;52479084.15;"2012-01-17T00:00:00.000Z"
6.52796234;8.17945916;6.25599732;6.37330287;17720.1;52123154.64;"2012-01-23T00:00:00.000Z"
5.39462524;6.84282147;5.17069337;5.56924476;42324.02;45839977.92;"2012-01-30T00:00:00.000Z"
5.96907628;6.76004788;4.92458125;5.87051569;120631.58;48586002.25;"2012-02-05T00:00:00.000Z"
5.60710597;6.54081574;5.29717393;5.79514198;82093.61;48257270.08;"2012-02-12T00:00:00.000Z"
4.41800678;4.92842572;4.05623408;4.47996174;70054.02;37499995.75;"2012-02-18T00:00:00.000Z"
4.99314872;5.2218261;4.23841528;5.08529919;85970.93;42838115.42;"2012-02-25T00:00:00.000Z"
4.92626324;5.68990998;4.63924101;4.80964542;131066.63;40739740.81;"2012-03-02T00:00:00.000Z"
5.02265285;5.14158964;4.22933386;4.95315193;58088.42;42163530.38;"2012-03-08T00:00:00.000Z"
5.38137074;5.60405246;4.61627317;5.35044648;41054.53;45826975.39;"2012-03-15T00:00:00.000Z"
5.09808173;5.22775799;4.28727311;4.87779106;46475.88;42008664.6;"2012-03-21T00:00:00.000Z"
4.80357994;4.94077512;3.98521504;4.77752765;37983.69;41403846.19;"2012-03-28T00:00:00.000Z"
4.9726655;5.3025141;4.17140092;5.00480982;78812.71;43587535.18;"2012-04-03T00:00:00.000Z"
4.85462023;5.30056675;4.31973426;4.82839711;53036.64;42283490.66;"2012-04-10T00:00:00.000Z"
5.02584807;6.13869855;4.93361638;4.94889829;31211.98;43533602.43;"2012-04-16T00:00:00.000Z"
5.27766927;6.193174;5.15270567;5.26848294;37007.38;46574047.75;"2012-04-22T00:00:00.000Z"
5.00728136;5.61293041;4.82268405;4.91503796;22254.02;43700145.21;"2012-04-29T00:00:00.000Z"
5.10435295;5.85916943;4.5742187;5.11321139;18752.88;45713707.71;"2012-05-05T00:00:00.000Z"
5.02646265;5.16957019;4.32133901;5.01999907;20903.7;45150750.14;"2012-05-12T00:00:00.000Z"
5.10443058;6.71555505;4.98251643;5.12559717;52535.81;46303235.3;"2012-05-18T00:00:00.000Z"
5.12764529;5.67432042;4.98229159;5.14767399;22978.16;46735346.08;"2012-05-25T00:00:00.000Z"
5.15696382;5.42460943;4.31292788;5.18000336;39747.43;47245742.28;"2012-05-31T00:00:00.000Z"
5.33376676;6.1436199;4.55175272;5.46122668;40888.96;50061779.32;"2012-06-06T00:00:00.000Z"
5.69087246;6.2588686;5.23879599;5.8696722;57440.18;54118120.89;"2012-06-13T00:00:00.000Z"
6.49090894;7.05729115;5.86875022;6.49818679;43763.66;60224057.99;"2012-06-19T00:00:00.000Z"
6.42975197;6.86019509;5.89685584;6.43167953;48731.55;59933980.89;"2012-06-26T00:00:00.000Z"
6.68796704;8.56750995;6.37513832;6.74371915;32415.37;63136468.91;"2012-07-02T00:00:00.000Z"
6.80057546;8.55891751;6.38956105;6.92072579;61649.33;65171234.81;"2012-07-09T00:00:00.000Z"
7.64243842;8.17329064;6.97329606;7.65655834;26889.59;72441904.64;"2012-07-15T00:00:00.000Z"
9.21281573;9.21281573;7.12672343;8.54426088;30080.2;81292803.7;"2012-07-22T00:00:00.000Z"
8.91799972;11.16607589;8.54231293;8.93604308;16167.42;85451265.68;"2012-07-28T00:00:00.000Z"
10.3952392;11.06342706;9.32951664;10.68282219;61215.98;102654176.2;"2012-08-03T00:00:00.000Z"
11.07000549;13.04394651;10.88719884;11.55683912;63418.53;111683270.81;"2012-08-10T00:00:00.000Z"
12.69182432;14.73591106;11.69014304;13.48214926;96513.27;130938689.79;"2012-08-16T00:00:00.000Z"
10.23701391;10.40275527;8.32484148;10.2052397;55908.13;99694731.5;"2012-08-23T00:00:00.000Z"
11.97580234;14.5749248;10.55914809;11.16552603;53646.1;109592824.82;"2012-08-29T00:00:00.000Z"
10.45822284;13.07154507;10.13300529;10.78682751;61062.93;106475426;"2012-09-05T00:00:00.000Z"
11.13911578;11.62166964;9.14970997;11.15847476;65214.47;110667613.97;"2012-09-11T00:00:00.000Z"
11.85107184;13.73750611;11.13862881;11.94988405;26642.2;119066130.22;"2012-09-17T00:00:00.000Z"
12.26777932;13.75284115;11.78303002;12.26233008;27334.73;122852299.82;"2012-09-24T00:00:00.000Z"
12.42845024;12.91526652;10.67111221;12.48606942;7756.96;125669063.15;"2012-09-30T00:00:00.000Z"
12.68644159;13.31852145;10.39617142;12.17423947;63410.03;123115344.56;"2012-10-07T00:00:00.000Z"
12.02819478;14.97137245;11.43053896;11.97814613;11841.04;121672286.54;"2012-10-13T00:00:00.000Z"
11.87244209;12.43715725;9.65875016;11.88949439;22242.22;121392431.28;"2012-10-20T00:00:00.000Z"
11.31176838;13.41259061;9.47567772;10.31857801;99187.8;105824369.48;"2012-10-26T00:00:00.000Z"
11.10315599;11.90803354;9.47930661;10.94756294;50563.09;112782067.1;"2012-11-01T00:00:00.000Z"
10.95522866;12.46693583;9.43916172;10.97822388;26089.31;113677038.18;"2012-11-08T00:00:00.000Z"
11.16726761;13.0366477;10.50135766;10.9660578;24548.26;114020088.59;"2012-11-14T00:00:00.000Z"
11.7318633;12.46485338;10.38543745;11.79946441;19177.33;123283483.62;"2012-11-21T00:00:00.000Z"
12.39032583;13.30646848;10.4863201;12.53183464;33252.57;131504373.28;"2012-11-27T00:00:00.000Z"
12.6770481;15.43967946;11.59295024;13.18377975;63183.58;138728107.73;"2012-12-04T00:00:00.000Z"
13.45776776;14.81904957;11.53199186;13.52452183;24668.89;142582440.45;"2012-12-10T00:00:00.000Z"
13.62111277;13.84746412;11.15817027;13.38649078;63479.78;141419406.55;"2012-12-17T00:00:00.000Z"
13.65280902;16.811331;13.29116991;13.31638151;23881.86;140935768.59;"2012-12-23T00:00:00.000Z"
13.48735272;14.79275652;11.93067063;13.48775761;26202.72;143046296;"2012-12-29T00:00:00.000Z"
13.49578597;16.79383736;12.93979343;13.44027359;21266.72;142910695.09;"2013-01-05T00:00:00.000Z"
14.04565891;16.90344303;12.73803715;14.14937074;40371.55;150747926.47;"2013-01-11T00:00:00.000Z"
15.44575287;19.42520985;14.80829987;15.54198444;55777.12;165932928.37;"2013-01-18T00:00:00.000Z"
17.60092839;22.83846849;16.44588863;17.08409772;171634.84;182756512.51;"2013-01-24T00:00:00.000Z"
19.77810125;23.41585152;18.42289341;20.26963683;99137.31;217388476.73;"2013-01-31T00:00:00.000Z"
20.74654051;21.47593625;17.42111871;20.96281652;52106.45;225327677.06;"2013-02-06T00:00:00.000Z"
24.54491244;27.35865136;22.65733542;25.12181648;74170.04;270602341.58;"2013-02-12T00:00:00.000Z"
27.0188945;32.32613246;25.92462414;27.48716203;99782.98;296903926.4;"2013-02-19T00:00:00.000Z"
29.80775701;31.55789397;25.3403734;30.35694663;26825.02;328708939.22;"2013-02-25T00:00:00.000Z"
34.33226197;35.77441929;28.00640426;34.27236859;46685.45;372102317.26;"2013-03-04T00:00:00.000Z"
46.21466426;49.15566286;41.36201509;46.27156621;36323.44;503498842.17;"2013-03-10T00:00:00.000Z"
47.09362255;60.23120303;44.48461511;47.38684263;13912.14;517045540.3;"2013-03-17T00:00:00.000Z"
69.80890912;75.36221033;63.04311152;69.46378311;150321.04;760073583.09;"2013-03-23T00:00:00.000Z"
86.39457912;110.10496404;83.11275841;88.09236833;83237.59;966046421.19;"2013-03-29T00:00:00.000Z"
131.17283377;148.36597185;113.22537809;139.7593577;68281.6;1536863340.21;"2013-04-05T00:00:00.000Z"
227.97921023;232.11148079;143.34274538;151.03559838;118714.77;1664678494.39;"2013-04-11T00:00:00.000Z"
70.56431012;126.74905271;70.56431012;103.87391442;173409.53;1147862586.58;"2013-04-18T00:00:00.000Z"
127.72712448;185.87225954;127.72712448;148.82315689;224877.43;1648114146.64;"2013-04-24T00:00:00.000Z"
139;139.8899993896;107.7200012207;116.9899978638;0;1298954593.75;"2013-05-01T00:00:00.000Z"
112.25;113.4440002441;97.6999969482;111.5;0;1240593600;"2013-05-07T00:00:00.000Z"
117.9800033569;119.8000030518;110.25;111.5;0;1243874487.5;"2013-05-14T00:00:00.000Z"
122.5;123.6210021973;120.1200027466;122;0;1363709900;"2013-05-20T00:00:00.000Z"
131.9859924316;136;130.6150054932;133.4799957275;0;1495293015;"2013-05-26T00:00:00.000Z"
129.3000030518;129.3999938965;115.0500030518;122.2919998169;0;1373837499.9;"2013-06-02T00:00:00.000Z"
111;111.4150009155;107.3000030518;108.3000030518;0;1219717920;"2013-06-08T00:00:00.000Z"
100;103.6999969482;98;99.9880981445;0;1129245603.78;"2013-06-15T00:00:00.000Z"
111.2900009155;114.9899978638;107.6849975586;109.5;0;1239214237.5;"2013-06-21T00:00:00.000Z"
101.7369995117;101.7369995117;92.3330001831;94.6492004395;0;1073887456.97;"2013-06-28T00:00:00.000Z"
78.8899993896;83.1050033569;72;80.5258026123;0;915618608.9;"2013-07-04T00:00:00.000Z"
76.7200012207;87;76.1999969482;86.7600021362;0;988957719;"2013-07-10T00:00:00.000Z"
96.7099990845;99.9700012207;96.1800003052;98.5;0;1125658000;"2013-07-17T00:00:00.000Z"
91.5999984741;96.8192977905;91.5999984741;95.5585021973;0;1094484057.67;"2013-07-23T00:00:00.000Z"
101.4889984131;107.9899978638;100.4700012207;107.9899978638;0;1240092366;"2013-07-30T00:00:00.000Z"
105.1200027466;107.7699966431;105;106.2200012207;0;1222677176;"2013-08-05T00:00:00.000Z"
105;108;103.5;106.6360015869;0;1231248580.9;"2013-08-12T00:00:00.000Z"
112.75;114.68800354;112;113.5;0;1313544012.5;"2013-08-18T00:00:00.000Z"
118.5100021362;121.3899993896;118.0199966431;120.0449981689;0;1392768092.25;"2013-08-24T00:00:00.000Z"
133.0899963379;140.8899993896;132.7200012207;135.3500061035;0;1574672051.25;"2013-08-31T00:00:00.000Z"
126.4899978638;127.3399963379;119.1500015259;119.1500015259;0;1389646450;"2013-09-06T00:00:00.000Z"
132.8300018311;137.5800018311;132.2700042725;134.9799957275;0;1578699084;"2013-09-13T00:00:00.000Z"
131.3699951172;131.7700042725;128.4499969482;129.6499938965;0;1519883708.75;"2013-09-19T00:00:00.000Z"
128.2100067139;134.9340057373;127.3199996948;128.3800048828;0;1509434269;"2013-09-26T00:00:00.000Z"
132.0500030518;133.5899963379;102.25;114.1299972534;0;1344930746;"2013-10-02T00:00:00.000Z"
125.8499984741;131.75;125.5800018311;130.6900024414;0;1544249376.25;"2013-10-09T00:00:00.000Z"
140.7700042725;145.3899993896;139.1300048828;145.2400054932;0;1720981439;"2013-10-15T00:00:00.000Z"
174.8000030518;184.8200073242;174.8000030518;182.2100067139;0;2164518142.5;"2013-10-21T00:00:00.000Z"
196.2100067139;198.6199951172;192.0599975586;198.5500030518;0;2365837416.25;"2013-10-28T00:00:00.000Z"
205.9900054932;215.0500030518;203.9900054932;215.0500030518;0;2568713111.25;"2013-11-03T00:00:00.000Z"
348.8200073242;350.700012207;277.2399902344;326.6199951172;0;3910613094.5;"2013-11-10T00:00:00.000Z"
417.2799987793;450.2600097656;415.5700073242;440.2200012207;0;5282849104.5;"2013-11-16T00:00:00.000Z"
771.700012207;844.9699707031;771.700012207;797.8200073242;0;9597335799;"2013-11-23T00:00:00.000Z"
1042.0100097656;1146.9699707031;1000.6400146484;1131.9699707031;0;13646039846.2;"2013-11-29T00:00:00.000Z"
1152.7299804688;1154.3599853516;897.1099853516;1045.1099853516;0;12626914509;"2013-12-05T00:00:00.000Z"
882.7800292969;901.9400024414;844.950012207;873.2600097656;0;10578889955;"2013-12-12T00:00:00.000Z"
678.200012207;679.3200073242;420.5100097656;522.700012207;0;6347159167.5;"2013-12-18T00:00:00.000Z"
666.3099975586;682.700012207;649.4799804688;682.2100219727;0;8305173374.25;"2013-12-25T00:00:00.000Z"
760.3200073242;760.5800170898;738.1699829102;754.0100097656;20897300;9191325349.25;"2013-12-31T00:00:00.000Z"
946.4899902344;965.7399902344;802;802;81311696;9808299600;"2014-01-07T00:00:00.000Z"
860.1900024414;861.2899780273;806.049987793;841.200012207;45580900;10312375950;"2014-01-13T00:00:00.000Z"
871.3900146484;886.3900146484;853.8699951172;870.200012207;27652700;10694453430;"2014-01-20T00:00:00.000Z"
853.6799926758;897.0200195313;844.8599853516;885.2800292969;32224300;10902798632;"2014-01-26T00:00:00.000Z"
828.6099853516;853.5200195313;827.1099853516;832.5800170898;19668700;10275202812;"2014-02-01T00:00:00.000Z"
699.5700073242;721.8200073242;661.8699951172;673.9199829102;38742600;8337738240;"2014-02-08T00:00:00.000Z"
601.1699829102;691.7199707031;541.0399780273;661.9899902344;102506000;8206805878.25;"2014-02-14T00:00:00.000Z"
556.8800048828;582.9600219727;530.4699707031;574.1599731445;47308100;7135603064;"2014-02-21T00:00:00.000Z"
581.6500244141;594.049987793;566.6199951172;578.7700195313;25540800;7208406719;"2014-02-27T00:00:00.000Z"
664.5200195313;669.7700195313;649.7899780273;663.8599853516;16068100;8286267327;"2014-03-06T00:00:00.000Z"
631.9099731445;648.0300292969;629.5100097656;632.0999755859;18621200;7905832725;"2014-03-12T00:00:00.000Z"
621.8380126953;622.3909912109;603.7960205078;614.8319702148;24011500;7704183117.6;"2014-03-18T00:00:00.000Z"
585.0260009766;585.4379882813;572.6049804688;583.9169921875;14020100;7335179951.93;"2014-03-25T00:00:00.000Z"
462.2990112305;483.0220031738;443.3649902344;457.0010070801;28254000;5752294437.05;"2014-03-31T00:00:00.000Z"
461.4739990234;462.5639953613;445.1220092773;449.4230041504;15616600;5670830649.57;"2014-04-07T00:00:00.000Z"
421.4609985352;427.3980102539;395.2539978027;414.0629882813;22493500;5234667258.6;"2014-04-13T00:00:00.000Z"
501.7510070801;510.8710021973;490.8399963379;498.1679992676;12103100;6312896983.8;"2014-04-20T00:00:00.000Z"
461.7049865723;464.5429992676;449.1029968262;458.6010131836;12214600;5822776641.82;"2014-04-26T00:00:00.000Z"
457.3640136719;457.9289855957;443.4030151367;449.3770141602;10394200;5716625926.82;"2014-05-02T00:00:00.000Z"
440.1780090332;452.691986084;440.1430053711;449.4609985352;10347900;5730133342.9;"2014-05-09T00:00:00.000Z"
444.1359863281;449.7990112305;443.6300048828;447.2520141602;7362980;5712906334.2;"2014-05-15T00:00:00.000Z"
492.0490112305;525.3560180664;490.1910095215;524.5789794922;33086500;6716604600.2;"2014-05-22T00:00:00.000Z"
571.9149780273;578.6240234375;564.0869750977;577.0620117188;19289000;7402205098.8;"2014-05-28T00:00:00.000Z"
666.7739868164;668.5629882813;624.0889892578;641.6140136719;37731500;8249183076.95;"2014-06-04T00:00:00.000Z"
650.0419921875;659.6149902344;646.5640258789;653.1500244141;17913400;8412294411.25;"2014-06-10T00:00:00.000Z"
591.5859985352;610.8889770508;590.4000244141;610.8640136719;18597300;7886300054.8;"2014-06-17T00:00:00.000Z"
602.1610107422;603.2119750977;586.3430175781;593.9840087891;14053800;7684029467.2;"2014-06-23T00:00:00.000Z"
596.3319702148;604.0759887695;596.1619873047;602.7150268555;8897470;7813280834.62;"2014-06-29T00:00:00.000Z"
631.7719726563;638.6530151367;631.1599731445;635.8070068359;10080000;8258179219.5;"2014-07-06T00:00:00.000Z"
631.8809814453;636.6580200195;626.9819946289;633.7130126953;13329000;8245635913.62;"2014-07-12T00:00:00.000Z"
629.166015625;629.166015625;624.5969848633;628.5150146484;7222030;8195599906.88;"2014-07-19T00:00:00.000Z"
601.5120239258;607.0650024414;597.2260131836;601.0889892578;12279500;7851574790.25;"2014-07-25T00:00:00.000Z"
586.2020263672;597.9219970703;583.633972168;594.916015625;18215900;7786796032.4;"2014-08-01T00:00:00.000Z"
584.6459960938;591.1040039063;584.0520019531;588.8690185547;11131400;7721014780.4;"2014-08-07T00:00:00.000Z"
570.3770141602;573.0330200195;532.6669921875;546.6580200195;25777500;7181459812.45;"2014-08-13T00:00:00.000Z"
485.0719909668;518.2849731445;467.5109863281;511.9800109863;46527600;6741573447;"2014-08-20T00:00:00.000Z"
502.5440063477;512.6879882813;502.5440063477;511.5700073242;23235100;6748171027;"2014-08-26T00:00:00.000Z"
474.4750061035;482.9880065918;472.324005127;477.425994873;23337900;6311703012.15;"2014-09-02T00:00:00.000Z"
481.8110046387;489.8340148926;468.7900085449;474.6000061035;30238000;6285637995;"2014-09-08T00:00:00.000Z"
477.7650146484;478.6199951172;474.0220031738;475.3710021973;15345200;6309195217.65;"2014-09-15T00:00:00.000Z"
408.0849914551;412.425994873;393.1809997559;398.8210144043;26580100;5303651274.83;"2014-09-21T00:00:00.000Z"
403.5559997559;406.6229858398;397.3720092773;399.5199890137;15029300;5322075836;"2014-09-27T00:00:00.000Z"
359.891998291;364.4869995117;325.8859863281;328.8659973145;47236500;4389218290.65;"2014-10-04T00:00:00.000Z"
364.6870117188;375.066986084;352.9630126953;361.5620117188;43665700;4833830846.6;"2014-10-10T00:00:00.000Z"
382.7560119629;385.4779968262;375.3890075684;383.7579956055;13600700;5140342470.5;"2014-10-17T00:00:00.000Z"
382.9620056152;385.0480041504;356.4469909668;358.4169921875;26456900;4808952572.4;"2014-10-23T00:00:00.000Z"
335.7090148926;350.9129943848;335.0719909668;345.3049926758;30177900;4642194093.75;"2014-10-30T00:00:00.000Z"
330.683013916;343.3689880371;330.683013916;339.4859924316;19817200;4572205935.15;"2014-11-05T00:00:00.000Z"
367.9849853516;429.7179870605;367.9849853516;423.5610046387;45783200;5715426243.75;"2014-11-12T00:00:00.000Z"
387.7850036621;392.4020080566;371.1170043945;375.1979980469;32222500;5071157408.1;"2014-11-18T00:00:00.000Z"
366.9479980469;387.2090148926;366.6690063477;376.9010009766;30930100;5102174794.68;"2014-11-24T00:00:00.000Z"
378.2489929199;383.6619873047;376.6690063477;379.2449951172;11763000;5143434463.5;"2014-12-01T00:00:00.000Z"
374.8359985352;376.2919921875;373.2749938965;375.0950012207;6491650;5094943517.12;"2014-12-07T00:00:00.000Z"
346.7269897461;353.3160095215;345.4179992676;351.6319885254;12415200;4785245607.6;"2014-12-14T00:00:00.000Z"
317.6189880371;330.325012207;316.0440063477;329.9559936523;20856700;4496945577.3;"2014-12-20T00:00:00.000Z"
327.5830078125;328.9110107422;312.6300048828;315.8630065918;15185200;4313267196.5;"2014-12-27T00:00:00.000Z"
314.0790100098;315.8389892578;313.5650024414;315.0320129395;7860650;4309551126.2;"2015-01-02T00:00:00.000Z"
294.1350097656;294.1350097656;282.174987793;283.3489990234;19982500;3882766765.62;"2015-01-08T00:00:00.000Z"
176.8970031738;229.0670013428;176.8970031738;209.8439941406;81773504;2880801385.2;"2015-01-15T00:00:00.000Z"
211.3780059814;227.7879943848;211.2120056152;226.8970031738;29924600;3119680594.53;"2015-01-21T00:00:00.000Z"
263.3510131836;266.5350036621;227.046005249;233.9149932861;44352200;3221728838.62;"2015-01-28T00:00:00.000Z"
237.453994751;245.9570007324;224.483001709;227.2680053711;40783700;3135343874.4;"2015-02-03T00:00:00.000Z"
220.2819976807;221.8070068359;215.3320007324;219.8390045166;21115100;3038850984.93;"2015-02-10T00:00:00.000Z"
234.8249969482;239.5209960938;229.0220031738;233.8430023193;28153700;3237573873.22;"2015-02-16T00:00:00.000Z"
244.5440063477;246.391998291;233.8509979248;235.9770050049;19527000;3272629326.22;"2015-02-22T00:00:00.000Z"
254.2830047607;261.6600036621;245.9329986572;260.2019958496;25213700;3615181537.5;"2015-03-01T00:00:00.000Z"
272.2940063477;277.8540039063;270.1329956055;276.2609863281;17825900;3844351384.65;"2015-03-07T00:00:00.000Z"
284.441986084;286.342010498;280.9760131836;281.8850097656;22612300;3929758785;"2015-03-14T00:00:00.000Z"
260.9559936523;264.8479919434;259.1619873047;261.7489929199;18456700;3654506819.38;"2015-03-20T00:00:00.000Z"
248.5659942627;256.8110046387;245.2129974365;247.029006958;17274900;3455731911.07;"2015-03-27T00:00:00.000Z"
247.0890045166;254.4609985352;245.4160003662;253.0050048828;26272600;3544973232.38;"2015-04-02T00:00:00.000Z"
244.7510070801;246.1179962158;239.3999938965;243.675994873;21643500;3420248519.8;"2015-04-09T00:00:00.000Z"
219.0729980469;223.8329925537;218.6490020752;223.8329925537;22562000;3146465247.6;"2015-04-15T00:00:00.000Z"
224.6199951172;235.2689971924;224.300994873;235.2689971924;24978000;3312299315.47;"2015-04-21T00:00:00.000Z"
228.9689941406;229.4949951172;223.0690002441;225.8549957275;21469200;3185425041.75;"2015-04-28T00:00:00.000Z"
240.3560028076;242.6380004883;237.8099975586;239.0180053711;21223400;3375997790.1;"2015-05-04T00:00:00.000Z"
240.2989959717;244.2700042725;239.3760070801;242.1580047607;20892300;3426529646.05;"2015-05-11T00:00:00.000Z"
236.0099945068;238.0249938965;236.0099945068;236.8020019531;11134300;3356176985.85;"2015-05-17T00:00:00.000Z"
238.9759979248;241.9779968262;238.8110046387;240.9530029297;11508000;3420845883.95;"2015-05-24T00:00:00.000Z"
237.0919952393;237.0930023193;232.046005249;233.3450012207;14098600;3317769213.5;"2015-05-30T00:00:00.000Z"
224.154006958;225.9680023193;223.1790008545;224.9519958496;18056500;3203220875.4;"2015-06-05T00:00:00.000Z"
229.7050018311;231.0570068359;229.31300354;229.9819946289;14017700;3281061201.2;"2015-06-12T00:00:00.000Z"
249.4279937744;252.108001709;244.1269989014;249.0070037842;30980200;3557986320.9;"2015-06-18T00:00:00.000Z"
240.3650054932;243.3320007324;240.3650054932;242.7989959717;16133100;3475370256.22;"2015-06-25T00:00:00.000Z"
263.3450012207;265.1719970703;255.7740020752;258.6210021973;27029800;3707306172.9;"2015-07-01T00:00:00.000Z"
265.9819946289;272.9710083008;264.3859863281;270.7850036621;36980200;3889020939.63;"2015-07-08T00:00:00.000Z"
292.033996582;296.1470031738;286.6380004883;287.4639892578;28727200;4134767190.4;"2015-07-14T00:00:00.000Z"
273.4989929199;278.9809875488;272.9599914551;278.9809875488;22711400;4018965413.38;"2015-07-20T00:00:00.000Z"
292.6390075684;297.7739868164;287.450012207;293.6239929199;30592000;4237522843.2;"2015-07-27T00:00:00.000Z"
280.449005127;283.0320129395;277.5289916992;282.6140136719;17722200;4084832102.5;"2015-08-02T00:00:00.000Z"
261.1159973145;267.0029907227;260.4679870605;265.0830078125;23789600;3838130129.93;"2015-08-09T00:00:00.000Z"
265.5289916992;266.6669921875;261.2959899902;261.550994873;19321100;3792757589.77;"2015-08-15T00:00:00.000Z"
232.6620025635;234.9570007324;222.703994751;230.3899993896;23205900;3346961926.25;"2015-08-22T00:00:00.000Z"
224.7010040283;235.2189941406;220.925994873;231.3959960938;31336600;3366649822.8;"2015-08-28T00:00:00.000Z"
227.2149963379;230.8999938965;227.050994873;230.2980041504;20962400;3356910009.75;"2015-09-04T00:00:00.000Z"
238.3359985352;241.2929992676;235.7910003662;238.4770050049;21215500;3481466103.75;"2015-09-10T00:00:00.000Z"
230.25;231.2149963379;227.4019927979;229.091003418;20144200;3349613965.58;"2015-09-16T00:00:00.000Z"
230.9360046387;231.8350067139;229.591003418;230.2830047607;17254100;3372747846.3;"2015-09-23T00:00:00.000Z"
239.0160064697;239.8020019531;235.9279937744;236.68699646;22691300;3471967520.18;"2015-09-29T00:00:00.000Z"
240.3639984131;246.9349975586;240.1360015869;246.06300354;27535100;3615828117.67;"2015-10-06T00:00:00.000Z"
246.875;247.453994751;245.1790008545;245.3079986572;17388300;3609927997.2;"2015-10-12T00:00:00.000Z"
261.8609924316;264.8200073242;260.9509887695;263.4370117188;25258800;3883581668.08;"2015-10-19T00:00:00.000Z"
281.4450073242;294.0589904785;281.4450073242;283.6799926758;45717100;4188180600;"2015-10-25T00:00:00.000Z"
328.5119934082;332.7770080566;309.2510070801;314.1659851074;48598100;4645486246.35;"2015-10-31T00:00:00.000Z"
374.2690124512;390.5859985352;372.433013916;386.4819946289;56625100;5725035162.4;"2015-11-07T00:00:00.000Z"
338.4979858398;340.9140014648;326.075012207;336.7529907227;52003000;4996160115.07;"2015-11-13T00:00:00.000Z"
326.4110107422;326.4729919434;312.217010498;322.0220031738;53152900;4786301542.05;"2015-11-20T00:00:00.000Z"
328.3030090332;366.7569885254;328.2290039063;352.6839904785;106105000;5250750574.9;"2015-11-26T00:00:00.000Z"
359.3309936523;370.2749938965;357.4119873047;361.0459899902;50714900;5384892776.2;"2015-12-03T00:00:00.000Z"
414.4410095215;423.1199951172;406.2909851074;417.5629882813;90917200;6238015413.3;"2015-12-09T00:00:00.000Z"
443.8779907227;465.3210144043;443.8779907227;465.3210144043;83121104;6963784691.55;"2015-12-15T00:00:00.000Z"
437.4360046387;443.6879882813;435.5159912109;436.5719909668;50840400;6545633139;"2015-12-22T00:00:00.000Z"
423.3429870605;429.7690124512;418.4809875488;422.2789916992;49638600;6341733237.12;"2015-12-28T00:00:00.000Z"
430.0610046387;434.516998291;429.0840148926;433.091003418;38477500;6515713340.43;"2016-01-04T00:00:00.000Z"
448.2380065918;448.3089904785;440.3510131836;447.9909973145;35995900;6750440385.75;"2016-01-10T00:00:00.000Z"
387.1520080566;390.9649963379;380.092010498;382.2990112305;45319600;5770478450.85;"2016-01-17T00:00:00.000Z"
382.4339904785;394.5429992676;381.9809875488;387.4909973145;56247400;5858059876.18;"2016-01-23T00:00:00.000Z"
378.8649902344;380.9169921875;376.4909973145;378.2550048828;30284400;5729296095.75;"2016-01-30T00:00:00.000Z"
388.8980102539;391.0939941406;385.5719909668;386.5490112305;43825000;5865136968.17;"2016-02-05T00:00:00.000Z"
382.1140136719;383.1300048828;376.3989868164;379.6539916992;74375600;5770550973;"2016-02-11T00:00:00.000Z"
416.5719909668;425.9960021973;415.6380004883;422.3729858398;76752600;6431547586.27;"2016-02-18T00:00:00.000Z"
420.9559936523;425.549987793;413.9070129395;424.9549865723;67743696;6479395123.75;"2016-02-24T00:00:00.000Z"
435.1310119629;435.9169921875;423.9890136719;423.9890136719;74955296;6475329603.6;"2016-03-02T00:00:00.000Z"
414.4649963379;416.2430114746;411.0939941406;413.9719848633;70311696;6331422308.9;"2016-03-08T00:00:00.000Z"
416.3880004883;418.1310119629;414.9849853516;416.8299865723;66781700;6386304533.75;"2016-03-15T00:00:00.000Z"
413.4179992676;413.4179992676;410.3810119629;413.3070068359;61655400;6341110984.12;"2016-03-21T00:00:00.000Z"
418.1400146484;428.7969970703;417.7109985352;426.7650146484;71229400;6557030842.5;"2016-03-27T00:00:00.000Z"
421.1730041504;421.5799865723;419.6969909668;420.9039916992;38053700;6477828308.6;"2016-04-03T00:00:00.000Z"
420.8110046387;420.8909912109;416.5150146484;419.4110107422;49792700;6464539022.12;"2016-04-09T00:00:00.000Z"
429.575012207;432.625;428.9840087891;430.5719909668;39392800;6648182380.2;"2016-04-16T00:00:00.000Z"
449.6879882813;449.8099975586;444.1499938965;445.7369995117;58804400;6892364370.45;"2016-04-22T00:00:00.000Z"
449.407989502;455.3840026855;446.016998291;455.0969848633;49258500;7048201013.25;"2016-04-29T00:00:00.000Z"
446.7109985352;448.5060119629;445.8829956055;447.9760131836;50440800;6948331748;"2016-05-05T00:00:00.000Z"
450.8640136719;454.5759887695;450.8640136719;452.7279968262;50605200;7032699388.4;"2016-05-11T00:00:00.000Z"
453.6910095215;455.9979858398;453.2990112305;454.6189880371;86850096;7073564772.18;"2016-05-18T00:00:00.000Z"
444.2909851074;447.1000061035;443.9299926758;445.9809875488;65783100;6949432035.35;"2016-05-24T00:00:00.000Z"
534.1909790039;546.617980957;520.6619873047;531.3859863281;138450000;8293035755.05;"2016-05-31T00:00:00.000Z"
574.6019897461;586.4699707031;574.6019897461;585.5369873047;72138896;9151021089.23;"2016-06-06T00:00:00.000Z"
671.6539916992;716.0040283203;664.4869995117;704.3759765625;243295008;11026918233;"2016-06-13T00:00:00.000Z"
756.6879882813;766.6209716797;745.6279907227;763.7810058594;136184992;11974386667.3;"2016-06-19T00:00:00.000Z"
665.9310302734;665.9799804688;616.9340209961;629.3670043945;109225000;9883123076.92;"2016-06-26T00:00:00.000Z"
676.7340087891;703.7020263672;676.3989868164;703.7020263672;112354000;11066171356.3;"2016-07-02T00:00:00.000Z"
640.6879882813;666.7069702148;636.4669799805;666.5230102539;141970000;10496037616.4;"2016-07-08T00:00:00.000Z"
659.1710205078;667.0770263672;659.0399780273;663.2550048828;81673104;10453381649.6;"2016-07-15T00:00:00.000Z"
665.2280273438;666.2189941406;660.4149780273;665.0120239258;60491800;10487976073.3;"2016-07-21T00:00:00.000Z"
654.4920043945;657.5949707031;654.4920043945;655.0349731445;86428400;10337749269.3;"2016-07-28T00:00:00.000Z"
548.6560058594;573.3599853516;541.5469970703;566.3549804688;207982000;8944279139.34;"2016-08-03T00:00:00.000Z"
587.6480102539;599.9840087891;586.3709716797;592.1030273438;102905000;9358441335.08;"2016-08-10T00:00:00.000Z"
567.242980957;581.7379760742;566.716003418;577.4390258789;58405200;9132941526.43;"2016-08-16T00:00:00.000Z"
581.3109741211;588.4479980469;580.5939941406;586.7529907227;72844000;9286647693.55;"2016-08-22T00:00:00.000Z"
574.0709838867;576.2780151367;573.4650268555;574.1069946289;110398000;9093420855.11;"2016-08-29T00:00:00.000Z"
598.5900268555;611.8369750977;596.8480224609;608.633972168;97942896;9646846465.46;"2016-09-04T00:00:00.000Z"
623.4240112305;628.8179931641;600.5059814453;606.7189941406;73610800;9624021892.48;"2016-09-11T00:00:00.000Z"
607.2180175781;607.8599853516;605.1920166016;605.9840087891;37140300;9619198525.06;"2016-09-17T00:00:00.000Z"
602.9609985352;604.5800170898;602.0449829102;602.625;35359500;9573385117.5;"2016-09-24T00:00:00.000Z"
605.7150268555;609.7349853516;604.1420288086;609.7349853516;56122400;9693198750.06;"2016-09-30T00:00:00.000Z"
612.4699707031;613.8189697266;611.4689941406;613.0209960938;56812100;9752315688.94;"2016-10-06T00:00:00.000Z"
636.0300292969;638.8330078125;635.0289916992;636.7860107422;61620700;10138078870.2;"2016-10-13T00:00:00.000Z"
638.133972168;638.8740234375;628.0130004883;630.5200195313;69381696;10044471117.1;"2016-10-19T00:00:00.000Z"
657.6779785156;679.7280273438;657.6779785156;678.3040161133;88877104;10813913071.1;"2016-10-26T00:00:00.000Z"
701.3369750977;736.4520263672;701.3369750977;729.7930297852;130527000;11642863554;"2016-11-01T00:00:00.000Z"
703.0889892578;712.9869995117;702.3900146484;709.8480224609;79660800;11333339468.1;"2016-11-08T00:00:00.000Z"
701.9970092773;706.283996582;699.8079833984;705.0209960938;62993000;11271073434.1;"2016-11-14T00:00:00.000Z"
731.2650146484;741.7219848633;730.5100097656;739.2479858398;60802400;11827902946.2;"2016-11-21T00:00:00.000Z"
735.4370117188;739.0180053711;731.0850219727;732.0349731445;52601800;11720648986.8;"2016-11-27T00:00:00.000Z"
778.2479858398;778.2479858398;764.8560180664;771.1550292969;69547296;12355811708.6;"2016-12-03T00:00:00.000Z"
773.0230102539;777.0919799805;772.9099731445;774.6500244141;53843100;12421967469.5;"2016-12-10T00:00:00.000Z"
778.9630126953;785.0319824219;778.9630126953;784.9069824219;83608200;12595490538.6;"2016-12-16T00:00:00.000Z"
864.8880004883;925.1170043945;864.6770019531;921.9840087891;275564000;14807189351.8;"2016-12-23T00:00:00.000Z"
972.5349731445;972.5349731445;934.8330078125;961.2379760742;187474000;15450507054.9;"2016-12-30T00:00:00.000Z"
1014.2399902344;1046.8100585938;883.9439697266;902.2009887695;351876000;14513695758.4;"2017-01-06T00:00:00.000Z"
775.1779785156;826.2459716797;755.7559814453;804.833984375;222326000;12956730411.3;"2017-01-12T00:00:00.000Z"
909.3729858398;917.4990234375;858.3040161133;886.617980957;225676992;14284036612.6;"2017-01-18T00:00:00.000Z"
891.9240112305;903.2520141602;891.6870117188;901.5419921875;120831000;14537488261.3;"2017-01-25T00:00:00.000Z"
920.958984375;972.0189819336;920.958984375;970.4030151367;164582000;15659186515.2;"2017-01-31T00:00:00.000Z"
1040.1400146484;1061.9300537109;1040.1400146484;1061.3499755859;146007008;17141080573.7;"2017-02-07T00:00:00.000Z"
998.8850097656;1002.0999755859;976.0020141602;990.6420288086;100607000;16010322102.8;"2017-02-13T00:00:00.000Z"
1048.6899414063;1080.4899902344;1041.6899414063;1079.9799804688;109478000;17468244508;"2017-02-20T00:00:00.000Z"
1144.2700195313;1167.4699707031;1130.1999511719;1165.1999511719;116486000;18860247630;"2017-02-26T00:00:00.000Z"
1254.2900390625;1267.2900390625;1238.0600585938;1267.1199951172;134127000;20526235270;"2017-03-05T00:00:00.000Z"
1116.3199462891;1193.8299560547;1116.3199462891;1175.8299560547;283320000;19060468861.8;"2017-03-11T00:00:00.000Z"
1180.1600341797;1180.1600341797;1099.5699462891;1100.2299804688;706598976;17847435956.5;"2017-03-17T00:00:00.000Z"
1038.4499511719;1040.4699707031;934.3579711914;937.5200195313;491038016;15220718764.2;"2017-03-24T00:00:00.000Z"
1042.2099609375;1049.2900390625;1020.0399780273;1026.4300537109;352968992;16675587066;"2017-03-30T00:00:00.000Z"
1125.8100585938;1188.3699951172;1125.8100585938;1182.6800537109;511222016;19229356147.2;"2017-04-06T00:00:00.000Z"
1204.8100585938;1207.1400146484;1196.7600097656;1200.3699951172;288702016;19530680103.5;"2017-04-12T00:00:00.000Z"
1212.1300048828;1215.5100097656;1205.0799560547;1210.2900390625;288060992;19707045564.5;"2017-04-19T00:00:00.000Z"
1250.4499511719;1267.5799560547;1249.9699707031;1265.4899902344;242556000;20619704236.5;"2017-04-25T00:00:00.000Z"
1348.3000488281;1434.3199462891;1348.3000488281;1421.5999755859;713624000;23179524919.2;"2017-05-01T00:00:00.000Z"
1596.9200439453;1723.3499755859;1596.9200439453;1723.3499755859;1340320000;28123369330.2;"2017-05-08T00:00:00.000Z"
1800.8599853516;1831.4200439453;1776.6199951172;1808.9100341797;437196000;29540290793.7;"2017-05-14T00:00:00.000Z"
2067.0300292969;2119.080078125;2037.5;2041.1999511719;1147859968;33361091114.4;"2017-05-21T00:00:00.000Z"
2196.2700195313;2260.1999511719;1855.8299560547;2038.8699951172;1700480000;33347170525.4;"2017-05-27T00:00:00.000Z"
2493.7199707031;2581.9099121094;2423.5700683594;2515.3500976563;1514950016;41177190056.7;"2017-06-03T00:00:00.000Z"
2807.4399414063;2901.7099609375;2795.6201171875;2823.8100585938;1348950016;46260465853.5;"2017-06-09T00:00:00.000Z"
2499.580078125;2534.7099609375;2212.9599609375;2464.580078125;2026259968;40402259202;"2017-06-15T00:00:00.000Z"
2691.0300292969;2723.7399902344;2642.3601074219;2705.4099121094;1097939968;44384244937.2;"2017-06-22T00:00:00.000Z"
2553.0300292969;2603.9799804688;2484.419921875;2574.7900390625;1183869952;42268942193;"2017-06-28T00:00:00.000Z"
2602.8701171875;2622.6499023438;2538.5500488281;2601.9899902344;941566016;42751085998.5;"2017-07-05T00:00:00.000Z"
2385.8898925781;2413.4699707031;2296.8100585938;2337.7900390625;1329760000;38438497236.2;"2017-07-11T00:00:00.000Z"
2233.5200195313;2387.6101074219;2164.7700195313;2318.8798828125;1512450048;38158677672;"2017-07-18T00:00:00.000Z"
2732.6999511719;2777.2600097656;2699.1899414063;2754.8601074219;866473984;45366654309.3;"2017-07-24T00:00:00.000Z"
2763.2399902344;2889.6201171875;2720.6101074219;2875.3400878906;860574976;47388334773;"2017-07-31T00:00:00.000Z"
3257.6101074219;3293.2900390625;3155.6000976563;3213.9399414063;1105030016;53006426108.3;"2017-08-06T00:00:00.000Z"
3650.6298828125;3949.919921875;3613.6999511719;3884.7099609375;2219589888;64111163866;"2017-08-12T00:00:00.000Z"
4137.75;4243.259765625;3970.5500488281;4193.7001953125;2975820032;69265141207.5;"2017-08-19T00:00:00.000Z"
4332.8198242188;4455.7001953125;4307.3500976563;4371.6000976563;1727970048;72241507489.2;"2017-08-25T00:00:00.000Z"
4701.759765625;4892.009765625;4678.5297851563;4892.009765625;2599079936;80905039782;"2017-09-01T00:00:00.000Z"
4589.1401367188;4655.0400390625;4491.330078125;4599.8798828125;1844620032;76132843874;"2017-09-07T00:00:00.000Z"
3875.3701171875;3920.6000976563;3153.8601074219;3154.9499511719;2716310016;52265453816.2;"2017-09-14T00:00:00.000Z"
3916.3601074219;4031.3898925781;3857.7299804688;3905.9499511719;1213830016;64751811835.1;"2017-09-20T00:00:00.000Z"
3928.4099121094;3969.8898925781;3869.8999023438;3892.3500976563;1043740032;64569365079.4;"2017-09-26T00:00:00.000Z"
4408.4599609375;4432.4702148438;4258.8901367188;4317.4799804688;1288019968;71681069637;"2017-10-03T00:00:00.000Z"
4614.5200195313;4878.7099609375;4564.25;4772.0200195313;1968739968;79282158943.2;"2017-10-09T00:00:00.000Z"
5687.5698242188;5776.2299804688;5544.2099609375;5725.58984375;2008070016;95203392843;"2017-10-16T00:00:00.000Z"
6036.66015625;6076.259765625;5792.33984375;6008.419921875;2034630016;99981911326;"2017-10-22T00:00:00.000Z"
5754.4399414063;6255.7099609375;5724.580078125;6153.8500976563;2859040000;102482445590;"2017-10-29T00:00:00.000Z"
7164.4799804688;7492.8598632813;7031.2797851563;7379.9501953125;2483800064;122978748805;"2017-11-04T00:00:00.000Z"
7173.7299804688;7312;6436.8701171875;6618.1401367188;5208249856;110354089394;"2017-11-10T00:00:00.000Z"
7853.5698242188;8004.58984375;7561.08984375;7708.990234375;4651670016;128621507062;"2017-11-17T00:00:00.000Z"
8232.3798828125;8267.400390625;8038.7700195313;8038.7700195313;4225179904;134227860479;"2017-11-23T00:00:00.000Z"
9906.7900390625;10801;9202.0498046875;10233.599609375;8310689792;171020085600;"2017-11-30T00:00:00.000Z"
11923.400390625;14369.099609375;11923.400390625;14291.5;12656300032;239024437136;"2017-12-06T00:00:00.000Z"
17500;17653.099609375;16039.7001953125;16408.19921875;12976900096;274663619978;"2017-12-13T00:00:00.000Z"
19118.30078125;19177.80078125;17275.400390625;17776.69921875;16894499840;297801055828;"2017-12-19T00:00:00.000Z"
14036.599609375;16461.19921875;14028.900390625;16099.7998046875;13454300160;269908107763;"2017-12-26T00:00:00.000Z"
14112.2001953125;14112.2001953125;13154.7001953125;13657.2001953125;10291200000;229119155396;"2018-01-01T00:00:00.000Z"
17527.30078125;17579.599609375;16087.7001953125;16477.599609375;15866000384;276634797271;"2018-01-07T00:00:00.000Z"
14370.7998046875;14511.7998046875;13268;13772;11084099584;231413491364;"2018-01-14T00:00:00.000Z"
11656.2001953125;13103;11656.2001953125;12899.2001953125;11801700352;216907619830;"2018-01-20T00:00:00.000Z"
11174.900390625;11614.900390625;10989.2001953125;11440.7001953125;7583269888;192550550498;"2018-01-27T00:00:00.000Z"
9142.2802734375;9142.2802734375;7796.490234375;8830.75;12726899712;148725283812;"2018-02-02T00:00:00.000Z"
8271.83984375;8736.98046875;7884.7099609375;8736.98046875;6784820224;147266052809;"2018-02-09T00:00:00.000Z"
9488.3203125;10234.7998046875;9395.580078125;10166.400390625;9062540288;171477807437;"2018-02-15T00:00:00.000Z"
11372.2001953125;11418.5;10479.099609375;10690.400390625;9405339648;180442459820;"2018-02-21T00:00:00.000Z"
10687.2001953125;11089.7998046875;10393.099609375;10397.900390625;6936189952;175644310997;"2018-02-28T00:00:00.000Z"
11500.099609375;11500.099609375;10694.2998046875;10779.900390625;6832169984;182225316082;"2018-03-06T00:00:00.000Z"
9173.0400390625;9470.3798828125;8958.1904296875;9194.849609375;5991139840;155555594312;"2018-03-13T00:00:00.000Z"
8344.1201171875;8675.8701171875;8182.3999023438;8630.650390625;6729110016;146107514353;"2018-03-19T00:00:00.000Z"
8498.4697265625;8530.080078125;7921.4301757813;8209.400390625;5921039872;139078211968;"2018-03-26T00:00:00.000Z"
7003.0600585938;7060.9501953125;6526.8701171875;6844.2299804688;4532100096;116026809075;"2018-04-01T00:00:00.000Z"
6630.509765625;7050.5400390625;6630.509765625;6911.08984375;3976610048;117241368688;"2018-04-07T00:00:00.000Z"
7874.669921875;8140.7099609375;7846;7986.240234375;5191430144;135589384440;"2018-04-14T00:00:00.000Z"
8286.8798828125;8880.23046875;8244.5400390625;8845.830078125;8438110208;150287113368;"2018-04-20T00:00:00.000Z"
9290.6298828125;9375.4697265625;8987.0498046875;8987.0498046875;7566289920;152802874822;"2018-04-27T00:00:00.000Z"
9233.9697265625;9798.330078125;9188.150390625;9743.8603515625;10207299584;165778380092;"2018-05-03T00:00:00.000Z"
9325.9599609375;9396.0400390625;9040.51953125;9043.9404296875;6906699776;153988453198;"2018-05-10T00:00:00.000Z"
8504.41015625;8508.4296875;8175.490234375;8368.830078125;6760220160;142587497878;"2018-05-16T00:00:00.000Z"
8037.080078125;8054.66015625;7507.8798828125;7557.8198242188;6491120128;128868479514;"2018-05-23T00:00:00.000Z"
7129.4599609375;7526.419921875;7090.6801757813;7472.58984375;5662660096;127502651064;"2018-05-29T00:00:00.000Z"
7722.5297851563;7753.8198242188;7474.0400390625;7514.4702148438;4993169920;128312205314;"2018-06-04T00:00:00.000Z"
6799.2900390625;6910.1801757813;6706.6298828125;6906.919921875;4745269760;118025877189;"2018-06-11T00:00:00.000Z"
6545.5297851563;6589.1098632813;6499.2700195313;6499.2700195313;3104019968;111134754810;"2018-06-17T00:00:00.000Z"
6164.2797851563;6223.7797851563;5826.41015625;6173.2299804688;4566909952;105646571668;"2018-06-24T00:00:00.000Z"
6214.2202148438;6465.509765625;6214.2202148438;6404;4543860224;109665618200;"2018-06-30T00:00:00.000Z"
6668.7099609375;6863.990234375;6579.240234375;6856.9301757813;3961080064;117506606000;"2018-07-07T00:00:00.000Z"
6235.0297851563;6310.5498046875;6192.240234375;6238.0498046875;3805400064;106968440793;"2018-07-13T00:00:00.000Z"
7378.2001953125;7494.4599609375;7295.4599609375;7466.8598632813;5111629824;128122730711;"2018-07-19T00:00:00.000Z"
8176.8500976563;8290.330078125;7878.7099609375;7951.580078125;4899089920;136553079708;"2018-07-26T00:00:00.000Z"
7769.04;7769.04;7504.95;7624.91;4797620000;131030166771;"2018-08-01T00:00:00.000Z"
6746.85;6746.85;6226.22;6305.8;5064430000;108448409560;"2018-08-08T00:00:00.000Z"
6287.66;6287.94;5971.05;6199.71;5301700000;106696389129;"2018-08-14T00:00:00.000Z"
6301.07;6500.87;6298.24;6488.76;3377180000;111758100192;"2018-08-21T00:00:00.000Z"
6710.8;6884.64;6689.71;6884.64;4019000000;118657885712;"2018-08-27T00:00:00.000Z"
7189.58;7306.31;7132.16;7272.72;4329540000;125427780027;"2018-09-02T00:00:00.000Z"
6223.38;6446.26;6201.22;6300.86;3671890000;108747090915;"2018-09-09T00:00:00.000Z"
6509.4;6561.72;6493.55;6543.2;3216300000;113000324618;"2018-09-15T00:00:00.000Z"
6735.05;6814.56;6616.8;6721.98;4509660000;116173876360;"2018-09-22T00:00:00.000Z"
6678.75;6785.03;6598.32;6644.13;5014430000;114903584220;"2018-09-28T00:00:00.000Z"
6574.15;6623.62;6557.41;6622.48;3671500000;114614764674;"2018-10-05T00:00:00.000Z"
6586.74;6586.74;6243.74;6256.24;5181640000;108341572839;"2018-10-11T00:00:00.000Z"
6542.33;6567.54;6450.04;6476.71;3924080000;112237252159;"2018-10-18T00:00:00.000Z"
6478.89;6521.99;6468.86;6495.84;3424670000;112637293966;"2018-10-24T00:00:00.000Z"
6337.04;6364.99;6310.14;6334.27;3781100000;109903543419;"2018-10-30T00:00:00.000Z"
6433.38;6463.55;6408.16;6461.01;4700040000;112095603776;"2018-11-06T00:00:00.000Z"
6411.76;6434.21;6360.47;6371.27;4295770000;110689666527.5;"2018-11-12T00:00:00.000Z"
5620.78;5620.78;4842.91;4871.49;7039560000;84688539692.25;"2018-11-19T00:00:00.000Z"
3880.78;4120.87;3585.06;4009.97;6825640000;69749265801.14;"2018-11-25T00:00:00.000Z"
4200.73317961;4301.51941165;4110.97847302;4139.8780641;5262697895.12;72050487506.1332;"2018-12-02T00:00:00.000Z"
3421.9104035;3506.04339159;3350.65070337;3476.11471452;5305024497.06;60531278391.8027;"2018-12-08T00:00:00.000Z"
3311.75191371;3329.55602092;3206.54229103;3242.48476281;4372763663.29;56494379457.2721;"2018-12-14T00:00:00.000Z"
4133.703587;4198.42957996;3850.94616856;3896.54371704;7206015706.48;67937650255.418;"2018-12-21T00:00:00.000Z"
3854.68857317;3874.41687968;3645.44843766;3654.83353854;5130222366.47;63768757100.9022;"2018-12-27T00:00:00.000Z"
3931.04863841;3935.68513083;3826.22287069;3836.74131867;4530215218.84;66994920902.7202;"2019-01-03T00:00:00.000Z"
4031.55201569;4068.40358144;4022.66280883;4035.29636921;5115905224.63;70508733459.2063;"2019-01-09T00:00:00.000Z"
3631.5098712;3685.77705953;3624.67338834;3655.00688578;5394457144.65;63909348775.7898;"2019-01-16T00:00:00.000Z"
3575.08123989;3620.74655094;3539.72132372;3604.57705248;5313623556.01;63065139423.6322;"2019-01-22T00:00:00.000Z"
3584.28327917;3586.75087826;3439.23300929;3470.45054223;6908930483.47;60756570313.9757;"2019-01-28T00:00:00.000Z"
3467.2116661;3476.22377768;3442.5869204;3459.15414635;5332718886.31;60603083461.2471;"2019-02-04T00:00:00.000Z"
3673.20153682;3695.03601276;3640.97995463;3690.18824383;6282256902.92;64694025950.728;"2019-02-10T00:00:00.000Z"
3633.35947964;3680.53728847;3619.18213016;3673.83629289;7039512502.62;64453368778.9611;"2019-02-17T00:00:00.000Z"
3998.91627262;4166.28616128;3968.72669838;4142.52692999;8922258315.77;72720867208.2186;"2019-02-23T00:00:00.000Z"
3855.31822217;3874.60748448;3832.12797211;3864.41510673;7578786075.61;67888255370.8382;"2019-03-02T00:00:00.000Z"
3913.22593587;3950.43223806;3875.22842393;3901.13162355;10638638944;68574579320.2148;"2019-03-08T00:00:00.000Z"
3926.66323109;3968.54286634;3914.01535654;3960.91118728;9394210604.86;69675002376.5269;"2019-03-15T00:00:00.000Z"
4083.95389256;4097.35995254;4005.15127452;4029.32690706;10831212661.69;70926226881.5237;"2019-03-21T00:00:00.000Z"
3984.24481868;4087.06622992;3977.81046621;4087.06622992;10897131934.18;71987847570.6632;"2019-03-27T00:00:00.000Z"
4879.95813337;5307.00360895;4876.62131112;4973.02181522;22899891582.39;87655288144.6018;"2019-04-03T00:00:00.000Z"
5289.91798137;5289.91798137;5167.41905834;5204.95837847;14722104361.4;91799330425.2375;"2019-04-09T00:00:00.000Z"
5066.57760057;5238.9452381;5055.19496077;5235.55941893;11618660197.33;92404613297.4486;"2019-04-16T00:00:00.000Z"
5312.49464201;5422.68742206;5280.27672867;5399.36541009;14601631648;95354207775.9268;"2019-04-22T00:00:00.000Z"
5284.85852173;5311.27468235;5216.48796096;5247.35253746;13735490672.32;92737510865.0381;"2019-04-29T00:00:00.000Z"
5831.06846097;5833.86291815;5708.03512399;5795.70842926;14808830722.93;102494420158.46;"2019-05-05T00:00:00.000Z"
6379.66690526;7333.00312262;6375.69861161;7204.77169716;28867562329.3;127488435181.246;"2019-05-11T00:00:00.000Z"
7341.66441915;7447.2717408;7251.50451112;7271.20790408;21354286561.99;128761727083.303;"2019-05-18T00:00:00.000Z"
7881.6953208;8140.71991773;7824.44888684;7987.37156583;25919126990.99;141539115575.014;"2019-05-24T00:00:00.000Z"
8320.28637611;8586.65937818;8172.55084356;8574.50164907;25365190957.39;152059886413.545;"2019-05-31T00:00:00.000Z"
7819.63337781;7937.34087946;7571.47097209;7822.02338228;19474611077.37;138800725479.332;"2019-06-06T00:00:00.000Z"
8145.54523047;8311.56742951;8087.06116595;8230.92383068;18669407147.43;146160317148.195;"2019-06-13T00:00:00.000Z"
9078.72760253;9299.62104446;9070.39599386;9273.52176614;15546809946.03;164780855868.715;"2019-06-19T00:00:00.000Z"
11007.2020736;11790.916533;11007.2020736;11790.916533;24879684533.05;209647943360.178;"2019-06-25T00:00:00.000Z"
10588.6836947;10912.1886159;9737.88454398;10801.6779238;31015895222.96;192206536805.973;"2019-07-02T00:00:00.000Z"
11446.5971553;12345.8331464;11393.3743129;12285.958217;23482551458.31;218778355444.306;"2019-07-08T00:00:00.000Z"
10257.8385363;11052.7667966;9992.00724951;10895.0893874;25384047206.61;194147627474.959;"2019-07-15T00:00:00.000Z"
10777.5296892;10841.8877848;10389.5998035;10599.1053965;17130580467.04;188987475961.558;"2019-07-21T00:00:00.000Z"
9491.62688749;9575.54534858;9252.2968633;9552.86043541;13738687092.78;170461958073.989;"2019-07-28T00:00:00.000Z"
10519.278349;10946.7813264;10503.5043975;10821.7265103;15352685060.58;193233960601.286;"2019-08-03T00:00:00.000Z"
11861.5566954;11915.6552603;11323.8987573;11354.0242177;18125355447.05;202890020454.664;"2019-08-10T00:00:00.000Z"
10319.4203458;10524.3498284;9855.47883007;10374.3393471;20228207096.36;185500055338.796;"2019-08-16T00:00:00.000Z"
10142.52143;10232.9960286;9831.46262049;10131.0561021;17097508856.24;181257125782.967;"2019-08-22T00:00:00.000Z"
9756.78570735;9756.78570735;9421.63015965;9510.20054413;17045878500.79;170274910132.348;"2019-08-29T00:00:00.000Z"
10621.1803306;10762.6442123;10434.7103971;10594.4933536;16742664768.54;189810010607.682;"2019-09-04T00:00:00.000Z"
10123.0347321;10215.9477875;9980.77667261;10178.3718893;15428063426.07;182502788242.499;"2019-09-11T00:00:00.000Z"
10281.5133161;10296.7717172;10199.7397431;10241.2721545;15304603363.06;183748515827.697;"2019-09-17T00:00:00.000Z"
9729.32139737;9804.31716645;8370.80138242;8620.56642733;25002886688.93;154785821876.078;"2019-09-24T00:00:00.000Z"
8104.22636732;8314.23099666;7830.75876126;8293.86774062;17115474183.47;149011567415.156;"2019-09-30T00:00:00.000Z"
8149.87688203;8161.41016074;7958.85083002;7988.15595888;13160830305.19;143607672862.462;"2019-10-06T00:00:00.000Z"
8336.90223051;8470.98789038;8276.61224603;8321.00574668;13808286058.98;149700817938.865;"2019-10-13T00:00:00.000Z"
7973.8037681;8082.62930791;7944.7770508;7988.56044241;13797825640.24;143808163806.88;"2019-10-19T00:00:00.000Z"
8667.57715496;10021.743983;8662.62237955;9244.97220867;44496255608.75;166547360781.636;"2019-10-26T00:00:00.000Z"
9193.99198943;9275.65727074;9132.04757639;9261.104352;24324691031.33;166928044163.92;"2019-11-01T00:00:00.000Z"
9265.36833744;9272.75941894;8775.53408279;8804.88071936;24333037836.15;158808570728.683;"2019-11-08T00:00:00.000Z"
8811.93633174;8826.94365923;8692.55188007;8708.09509517;19084739974.57;157160974643.863;"2019-11-14T00:00:00.000Z"
8203.61317991;8237.23987375;8010.51190064;8027.26824331;20764300436.84;144962727397.799;"2019-11-20T00:00:00.000Z"
7220.88064968;7619.6935852;6974.17436987;7531.6636446;23991412764.14;136102712894.028;"2019-11-27T00:00:00.000Z"
7323.97540332;7418.85890799;7229.35711475;7320.1454684;14797485769.1;132359942301.421;"2019-12-03T00:00:00.000Z"
7397.13422776;7424.02286377;7246.04375293;7278.1197833;18249031194.89;131696121854.857;"2019-12-10T00:00:00.000Z"
7153.66322803;7171.16870269;6903.68277313;6932.48038982;20213265949.62;125515586951.621;"2019-12-16T00:00:00.000Z"
7508.90255573;7656.17619127;7326.19251983;7355.62826671;27831788041.21;133275709110.985;"2019-12-23T00:00:00.000Z"
7317.64758783;7513.94840873;7279.86546765;7422.65258898;22445257701.74;134570835775.06;"2019-12-29T00:00:00.000Z"
7410.45169373;7544.49687224;7400.5355609;7411.31732676;19725074094.54;134469548249.076;"2020-01-05T00:00:00.000Z"
8162.1911379;8218.3589373;8029.64210795;8037.53738872;25521165085.37;145924199942.312;"2020-01-11T00:00:00.000Z"
8725.20996387;8958.12195167;8677.3163483;8929.0376776;36372139320.44;162211148777.656;"2020-01-17T00:00:00.000Z"
8405.56773288;8514.66703526;8266.84057849;8445.43428152;24397913025.68;153536829768.103;"2020-01-24T00:00:00.000Z"
9316.01697842;9553.12613251;9230.89727886;9508.9935947;32378792850.88;172978577930.867;"2020-01-30T00:00:00.000Z"
9617.8210448;9824.61926061;9539.8180851;9729.80223149;37628823715.51;177118274393.946;"2020-02-06T00:00:00.000Z"
10202.3876541;10393.6117227;10202.3876541;10326.0545246;43444303830.23;188081204385.987;"2020-02-12T00:00:00.000Z"
10143.7983568;10191.6758471;9611.22354001;9633.38688518;46992019709.92;175585931679.441;"2020-02-19T00:00:00.000Z"
9651.31279866;9652.73686506;9305.02118582;9341.70516876;42515259129.21;170369581557.89;"2020-02-25T00:00:00.000Z"
8563.26425933;8921.30839546;8532.63094465;8869.67031078;42857674408.88;161861167745.164;"2020-03-02T00:00:00.000Z"
8111.14639164;8177.79322362;7690.09818591;7923.6447033;46936995808.18;144706353758.487;"2020-03-09T00:00:00.000Z"
5201.06668673;5836.64500618;5169.28339052;5392.31488002;33997889638.76;98530059889.968;"2020-03-15T00:00:00.000Z"
6185.55790292;6359.69729033;5823.71407014;5830.25479765;40099664740.06;106591196068.926;"2020-03-22T00:00:00.000Z"
6467.25404592;6467.501165;6117.83774851;6242.1938684;34885225901.01;114183689640.72;"2020-03-28T00:00:00.000Z"
6738.38301967;6878.95351761;6696.48466818;6867.52731596;33185988583.8;125712834529.574;"2020-04-04T00:00:00.000Z"
7303.81519824;7303.81519824;6802.47496589;6865.49337195;43622840991.71;125755496117.263;"2020-04-10T00:00:00.000Z"
7116.55260865;7167.18298759;7050.33182989;7096.18465879;32513423567.43;130078472088.331;"2020-04-17T00:00:00.000Z"
7121.30605911;7491.78492971;7081.5946281;7429.72464927;43500782316.07;136275638030.678;"2020-04-23T00:00:00.000Z"
7806.71256355;8871.75372738;7786.04929564;8801.03776688;60201052202.54;161522471384.783;"2020-04-29T00:00:00.000Z"
9007.44125582;9411.46787039;8966.70598977;9268.76208066;49371886931.48;170229620935.298;"2020-05-06T00:00:00.000Z"
8610.38621232;8949.89797874;8569.64398804;8804.47781074;42142717533.17;161791577300.916;"2020-05-12T00:00:00.000Z"
9727.06360375;9836.04752405;9539.62405543;9729.0379192;39254288954.98;178831635026.347;"2020-05-19T00:00:00.000Z"
8786.10769511;8951.00563809;8719.66836224;8906.93476142;31288157264.19;163760453116.409;"2020-05-25T00:00:00.000Z"
9463.6056622;10199.5649719;9450.89911148;10167.2681012;35198901068.39;186993405740.449;"2020-06-01T00:00:00.000Z"
9653.00332503;9768.49790176;9458.1504702;9758.8524174;25015250845.66;179540253701.404;"2020-06-07T00:00:00.000Z"
9480.73574979;9493.21171489;9396.00939365;9475.27733834;17564322315.2;174381819725.142;"2020-06-13T00:00:00.000Z"
9290.96027975;9394.97159448;9247.37967261;9332.340762;17130541557.31;171809438650.585;"2020-06-20T00:00:00.000Z"
9260.99499378;9310.51638223;9101.73845201;9162.91760386;18341465836.6;168741367621.97;"2020-06-26T00:00:00.000Z"
9124.84264611;9202.34438443;9058.79478198;9087.30391103;13078970998.64;167409720387.961;"2020-07-03T00:00:00.000Z"
9427.99387728;9431.37858131;9234.99945975;9277.96790642;18000702524.13;170977231637.687;"2020-07-09T00:00:00.000Z"
9191.9802336;9214.31269823;9088.94740241;9132.22786293;15713967522.66;168350501976.25;"2020-07-16T00:00:00.000Z"
9375.08046428;9530.5190089;9319.65339503;9525.36344997;16532254884.44;175644844408.412;"2020-07-22T00:00:00.000Z"
11017.4638476;11204.327602;10632.6317033;10912.8230505;28766551141.78;201290022192.811;"2020-07-28T00:00:00.000Z"
11246.2032469;11385.3815713;11094.1453896;11205.8929179;21250197042.2;206767135617.319;"2020-08-04T00:00:00.000Z"
11662.2569338;12045.1403178;11662.2569338;11878.1113253;26114112569.42;219235405395.415;"2020-08-10T00:00:00.000Z"
11895.6577737;12359.0570221;11806.6958823;12254.4019083;28227687026.77;226261747567.102;"2020-08-17T00:00:00.000Z"
11679.6959587;11713.4297949;11559.9212608;11664.8479948;18482062657.8;215439967321.336;"2020-08-23T00:00:00.000Z"
11508.7139745;11715.2648492;11492.381773;11711.506161;19760127944.66;216373660045.36;"2020-08-30T00:00:00.000Z"
10512.5301954;10581.5714107;9946.67532811;10169.567221;44916565291.55;187940141275.803;"2020-09-05T00:00:00.000Z"
10409.8617874;10578.8382504;10292.3865099;10442.1706031;36750077323.54;193049493276.593;"2020-09-12T00:00:00.000Z"
10951.8200208;11034.908069;10829.6568158;10944.5858045;26341903912.39;202405809880.581;"2020-09-18T00:00:00.000Z"
10248.78655955;10771.05620224;10231.49011991;10760.06625677;47144380901.69;199045623654.10297;"2020-09-24T00:00:00.000Z"
10795.25474253;10933.62430944;10472.35651799;10619.45190766;40023134099.57;196512086756.27814;"2020-10-01T00:00:00.000Z"
10603.35546589;10680.50819786;10562.50712617;10668.96895539;37799458435.8;197485816054.93155;"2020-10-07T00:00:00.000Z"
11429.04780192;11539.97794666;11307.8308683;11429.50688675;24103426719.26;211643390713.38098;"2020-10-14T00:00:00.000Z"
11745.97493298;11999.91801959;11681.48002079;11916.33514058;30915821592.1;220721282864.58752;"2020-10-20T00:00:00.000Z"
13075.24249433;13759.66872521;13060.83803686;13654.21844012;33749878155.99;252985946389.91595;"2020-10-27T00:00:00.000Z"
13737.03221087;13808.32287396;13243.159866;13550.4893841;30771455467.79;251119864445.3435;"2020-11-02T00:00:00.000Z"
14833.75408424;15637.32033788;14744.10989581;15479.56703842;26632075028.85;286955182899.01483;"2020-11-08T00:00:00.000Z"
16068.13999417;16123.11045585;15793.53391679;15955.58743887;23653867582.7;295790551597.8903;"2020-11-15T00:00:00.000Z"
18621.31587778;18936.62068806;18444.3589249;18642.23276593;39650210707.3;345819234184.5931;"2020-11-21T00:00:00.000Z"
17112.93423773;17853.93919131;16910.65271094;17717.4150112;32601040733.64;328782832211.7004;"2020-11-28T00:00:00.000Z"
19446.96642246;19511.40471415;18697.19291384;18699.76561337;33872388057.72;347111351136.32855;"2020-12-04T00:00:00.000Z"
18263.92925463;18268.4528447;17619.53238938;18058.90334725;27919640985.34;335326168918.5213;"2020-12-11T00:00:00.000Z"
21308.35140371;23642.66010576;21234.67652917;22805.16149213;71378606373.62;423576934966.4241;"2020-12-17T00:00:00.000Z"
23781.97438638;24024.48959027;22802.64570202;23241.34486501;51146161904.32;431808778580.30475;"2020-12-23T00:00:00.000Z"
27360.08970906;28937.74000401;27360.08970906;28840.95341968;51287442703.98;536033807160.8408;"2020-12-30T00:00:00.000Z"
31977.04113228;34437.5905918;30221.1867389;33992.42934365;67547324781.68;631980005969.6278;"2021-01-05T00:00:00.000Z"
35516.36114084;36568.52697414;32697.97662163;33922.9605815;74773277909.46;630920422745.0479;"2021-01-12T00:00:00.000Z"
35792.23666766;37299.28580604;34883.84404829;36630.07568284;49511702429.35;681470030572.0747;"2021-01-18T00:00:00.000Z"
32285.79891345;34802.74297839;32087.78796567;32366.39304887;59897054837.94;602350097075.4393;"2021-01-25T00:00:00.000Z"
34270.87759214;34288.33147504;32270.17602471;33114.35774753;52754542671.38;616452744533.29;"2021-01-31T00:00:00.000Z"
39250.1905137;39621.8354917;37446.15388489;38903.44147971;65500641143.12;724478833211.11;"2021-02-07T00:00:00.000Z"
47491.20255503;48047.74459107;46392.28233345;47105.51747252;70250456155.05;877478894463.66;"2021-02-13T00:00:00.000Z"
51675.98128513;56113.65054685;50937.27572157;55888.13368221;63495496917.85;1041380696669.48;"2021-02-19T00:00:00.000Z"
47180.4640539;48370.78525976;44454.84211387;46339.76008289;350967941479.06;863752275053.08;"2021-02-26T00:00:00.000Z"
50522.30503036;51735.09105293;47656.92904603;48561.1661539;52343816679.73;905414104807.24;"2021-03-04T00:00:00.000Z"
55963.18008858;58091.0627026;54484.59308946;57805.12301924;56772343594.84;1078135604117.97;"2021-03-11T00:00:00.000Z"
56825.82889756;58969.81634559;54528.62716687;58870.89333325;60258313191.17;1098337655326.54;"2021-03-17T00:00:00.000Z"
54710.48908407;57262.38293272;52514.33339864;52774.26369049;70567223786.51;984948142897.89;"2021-03-24T00:00:00.000Z"
57750.13284273;59447.22403098;57251.5506051;58917.6930451;54414116432.02;1099939890804.41;"2021-03-30T00:00:00.000Z"
58760.87326121;59891.2969082;57694.82602134;59057.87896588;60706272114.62;1102880790089.18;"2021-04-05T00:00:00.000Z"
60175.94475711;61253.0369158;59589.87375623;59893.45188869;51828688519.48;1118871072068.9;"2021-04-12T00:00:00.000Z"
60701.88609331;61057.45650886;52829.53592647;56216.18500243;97468872758.37;1050445401609.72;"2021-04-18T00:00:00.000Z"
50052.83164893;50506.01909839;47159.48584083;49004.25326318;46117114240.1;915955943256.31;"2021-04-25T00:00:00.000Z"
57714.66485835;58448.33881062;57052.2741756;57828.05063222;42836427359.73;1081174515342.54;"2021-05-01T00:00:00.000Z"
57352.7659529;59464.61249257;56975.21065264;58803.77580865;65382980633.81;1099863941004.24;"2021-05-08T00:00:00.000Z"
49682.9818555;51438.11908462;48868.57828576;49880.53342038;55737497452.61;933276901264.97;"2021-05-14T00:00:00.000Z"
36753.66970802;42462.98498552;35050.61582451;40782.73826245;88281943358.63;763195929021.93;"2021-05-20T00:00:00.000Z"
39316.88967818;40379.61767161;37247.90367644;38436.96853505;43210968720.58;719538129127.79;"2021-05-27T00:00:00.000Z"
36699.92291982;38231.3391761;35966.30715642;37575.17957566;33070867189.76;703599671425.41;"2021-06-02T00:00:00.000Z"
33416.97785088;37537.37115028;32475.86603066;37345.12148619;53972919007.62;699516138697.97;"2021-06-09T00:00:00.000Z"
40427.16992116;41295.26857449;39609.4691963;40406.26898673;46420149185.33;757029874724.96;"2021-06-15T00:00:00.000Z"
31622.37708528;33292.45476399;28893.62165844;32505.6598245;58964353058.3;609180639389.88;"2021-06-22T00:00:00.000Z"
34679.12222205;35219.89179129;33902.0758922;34434.33531428;33892523752.03;645442759493.21;"2021-06-28T00:00:00.000Z"
35284.34443007;35284.34443007;33213.66103397;33746.00245614;26721554282.07;632696207199.7;"2021-07-05T00:00:00.000Z"
33509.0772617;34584.70454995;33346.73772241;34240.18701074;20108729370.08;642138104626.48;"2021-07-11T00:00:00.000Z"
31397.30860013;31935.94439173;31223.99087263;31533.06753327;18895018941.74;591536476391.97;"2021-07-17T00:00:00.000Z"
33593.72941224;34490.39124375;33424.85900496;34292.44590612;21664706865.41;643518528650.53;"2021-07-24T00:00:00.000Z"
40027.4833199;42235.54770874;38397.3545099;42235.54770874;33072782960.21;792829863258.04;"2021-07-30T00:00:00.000Z"
40865.86692448;43271.65861284;39932.17941979;42816.49896809;38226483045.67;804022903682.01;"2021-08-06T00:00:00.000Z"
45576.88033369;46228.91094271;43861.44704055;44428.28846681;33723620826.37;834546790666.29;"2021-08-12T00:00:00.000Z"
44741.88334742;46970.76087419;43998.31551257;46717.5787452;37204312298.94;877875534875.42;"2021-08-19T00:00:00.000Z"
47727.25669296;49202.87847317;47163.61431922;48960.78728025;32646349930.89;920337950861.22;"2021-08-25T00:00:00.000Z"
47024.34166315;48189.55018777;46750.09395271;47166.68794545;34730363427.12;886869903602.64;"2021-08-31T00:00:00.000Z"
52660.47935083;52853.7637963;43285.20858869;46811.12952948;65210059683.34;880498621997.79;"2021-09-07T00:00:00.000Z"
46057.21532739;46598.6789847073;43591.3207849088;44963.0726328295;40969943252.55;845980481365.13;"2021-09-13T00:00:00.000Z"
47261.4064989217;47328.1988417819;42598.9158490995;42843.8024409385;43909845642.16;806395852718.37;"2021-09-20T00:00:00.000Z"
42721.628660247;43919.3009697298;40848.4616598698;43208.5391045354;30661222077.4;813490665612.76;"2021-09-26T00:00:00.000Z"
47680.0284071825;49130.6922101816;47157.2876055212;48199.9515572655;26638115879.34;907791525235.94;"2021-10-03T00:00:00.000Z"
53929.7814684072;55397.9434699833;53735.1428819267;54968.2244504154;32491211414.21;1035558748271.88;"2021-10-09T00:00:00.000Z"
57345.9019791856;62757.1297029724;56868.1426929636;61593.9500606183;51780081800.67;1160726409229.75;"2021-10-15T00:00:00.000Z"
62237.8910667851;63715.0216823567;60122.7978165319;60692.2644330955;38434082774.64;1144131483274.43;"2021-10-22T00:00:00.000Z"
58470.7295783481;62128.6329463166;58206.9178554768;60622.1367088483;45257083247.08;1143165999365.16;"2021-10-28T00:00:00.000Z"
62941.8040349386;63123.2889150545;60799.6624753292;61452.2305873208;32615846901.02;1159231375022.08;"2021-11-04T00:00:00.000Z"
66953.3393736741;68789.6259389221;63208.1149984069;64995.2293907433;48730828378.26;1226431510692.86;"2021-11-10T00:00:00.000Z"
60139.6201092629;60823.6105180456;58515.4098924661;60368.0118167649;39178392930.24;1139519389071.77;"2021-11-17T00:00:00.000Z"
56304.5553876631;57875.516396583;55632.7599123359;57569.0748757271;37485803898.95;1086985075773.01;"2021-11-23T00:00:00.000Z"
57830.1138192706;59113.4009013998;56057.2822340063;57005.4254735998;36708594617.63;1076689232562.09;"2021-11-30T00:00:00.000Z"
49413.4790992129;50929.5190938323;47281.0353797585;50582.625396644;37707308001.13;955680910791.73;"2021-12-06T00:00:00.000Z"
49354.8549351623;50724.8657399937;48725.8530226358;50098.3351363893;21939223598.97;946823114554.82;"2021-12-12T00:00:00.000Z"
46853.8680030434;48089.6643521108;46502.9545467562;46707.0148769996;25154053860.63;883011296029.52;"2021-12-19T00:00:00.000Z"
50854.9186725144;51176.5987876064;50236.7065001331;50429.8577970562;19030650914;953678082632.84;"2021-12-25T00:00:00.000Z"
46311.744663041;47827.3109946009;46288.4860950468;47686.8115091782;24582667004.25;902104193384.61;"2022-01-01T00:00:00.000Z"
43153.5708757533;43153.5708757533;41077.4462015482;41557.9011609709;84196607519.83;786389774193.77;"2022-01-07T00:00:00.000Z"
42598.872888975;43346.6885657206;41982.6166524365;43099.6998283297;23577403398.89;815850639036.09;"2022-01-14T00:00:00.000Z"
41744.0280591734;43413.0239423642;40672.8238483266;40680.4199136003;20382033939.59;770304579439.02;"2022-01-20T00:00:00.000Z"
36950.5148286881;38825.4086928912;36374.9079053597;36852.122594586;31324598033.71;698006361955.82;"2022-01-26T00:00:00.000Z"
38743.7134257246;38834.617830971;36832.7286672317;36952.9849327595;19155189415.69;700155817835.89;"2022-02-02T00:00:00.000Z"
43854.6536157814;45293.8662442033;42807.8357379192;44118.4462597284;33079398868.46;836154543908.38;"2022-02-08T00:00:00.000Z"
42586.4646116209;44667.2169798202;42491.0337603845;44575.2033341441;22721659050.67;845117683686.87;"2022-02-15T00:00:00.000Z"
38423.2098719156;39394.4358263489;36950.4757186119;37075.2793533757;29280402797.54;703124071471.97;"2022-02-21T00:00:00.000Z"
37706.0012666457;43760.4570181679;37518.2146036468;43193.2340330233;35690014104.01;819414782676.49;"2022-02-28T00:00:00.000Z"
39404.1989243159;39640.1767511205;38211.6479622922;38419.9833773926;19745229901.83;729062407067.33;"2022-03-06T00:00:00.000Z"
38794.4631888984;39308.5990610398;38772.5358786197;38904.0133980303;14616450657.2;738459914963.88;"2022-03-12T00:00:00.000Z"
41794.6478339065;42316.5544604012;41602.6683804537;42190.6534617069;19664853187.34;801124017583.09;"2022-03-19T00:00:00.000Z"
43964.5462246384;44999.4930588116;43706.2860318396;44348.7309048344;30574413034.44;842351457245.02;"2022-03-25T00:00:00.000Z"
45554.1638120546;46616.2437719152;44403.1410093413;46281.6439814509;38162644286.97;879359612625.13;"2022-04-01T00:00:00.000Z"
43207.4988703738;43860.6975585056;42899.9066089561;43503.8491661365;26101973106.2;826814841542.56;"2022-04-07T00:00:00.000Z"
41160.2191454054;41451.4801353359;39695.7444311675;39935.5169992135;24342001973.22;759245303310.83;"2022-04-14T00:00:00.000Z"
41501.7442424249;42126.3001302172;40961.0975519901;41374.3782012031;27819532341.16;786828424698.83;"2022-04-20T00:00:00.000Z"
38120.3026308778;39397.9171355929;37997.3116313579;39241.1227507635;30981015184.24;746531438328.55;"2022-04-27T00:00:00.000Z"
38528.1100380674;38629.994974219;37585.6203126624;37750.4539152995;27326943244.26;718385701942.79;"2022-05-03T00:00:00.000Z"
34060.0154816197;34222.0733234167;30296.9534000531;30296.9534000531;63355494961.42;576716899022.88;"2022-05-09T00:00:00.000Z"
31304.374144248;31305.3425986839;29251.8855581398;29862.9182412919;32613897286.17;568643328349.1;"2022-05-16T00:00:00.000Z"
29432.4723986064;30425.8605130009;29275.1827640655;30323.7218952694;21631532269.67;577568895835.72;"2022-05-22T00:00:00.000Z"
29019.8674141315;29498.0088389573;28841.1064887385;29445.9576239208;18093886409.16;561034743433.25;"2022-05-29T00:00:00.000Z"
29706.139572537;29930.5639469047;29500.0063498064;29832.9142253244;16588370958.43;568564420350.11;"2022-06-04T00:00:00.000Z"
29084.666534528;29401.9162962048;28236.2119169078;28360.811358542;27246574438.64;540698499860.06;"2022-06-11T00:00:00.000Z"
20385.7187101434;21243.3120420882;20326.5185645264;20471.4818924914;27132421513.81;390391528176.49;"2022-06-17T00:00:00.000Z"
19986.607101581;21135.7622370547;19950.1162252256;21085.8771612422;26188097172.81;402219959760.78;"2022-06-23T00:00:00.000Z"
20108.3123376304;20141.1603609993;18729.6562279337;19784.7264946249;26267239923.25;377526215552.49;"2022-06-30T00:00:00.000Z"
20194.6194989241;20595.5296078308;19823.5112028015;20548.2458719695;24598943708.23;392200896304.73;"2022-07-06T00:00:00.000Z"
19325.9727246501;20223.0526478927;18999.953131779;20212.073498093;33042430345.48;385908229967.86;"2022-07-13T00:00:00.000Z"
22467.8500961444;23666.9622537083;21683.4063763923;23389.4328464795;48765202697.15;446690803766.25;"2022-07-19T00:00:00.000Z"
21361.1218713035;21361.1218713035;20776.8160824806;21239.7543798251;28624673855.33;405770108604.64;"2022-07-26T00:00:00.000Z"
23336.7180518604;23464.7862772244;22890.7960211693;23314.1994325371;25849159140.74;445527356895.96;"2022-08-01T00:00:00.000Z"
22963.5062436219;23359.0090763146;22894.5562352504;23175.8908490806;15886817042.79;443014963855.4;"2022-08-07T00:00:00.000Z"
24429.0574370816;24974.9142088493;24206.2597723946;24319.3339226;22994133555.22;465024405299.05;"2022-08-14T00:00:00.000Z"
20872.8421735014;21350.8062991651;20856.7313355791;21166.060396105;27595671000.41;404848126556.26;"2022-08-20T00:00:00.000Z"
20262.4803110224;20340.774563674;19890.5233282503;20041.7384530551;30116729775.56;383478483268.59;"2022-08-27T00:00:00.000Z"
20126.0727809015;20401.567633276;19814.7660489836;19969.7711774602;29123998927.55;382212933183.84;"2022-09-02T00:00:00.000Z"
19328.1399294633;21439.4093171623;19310.9625754389;21381.1528552866;48469528170.65;409363809141.16;"2022-09-09T00:00:00.000Z"
20242.2899083879;20318.1663918808;19636.7337742868;19701.2099625661;36389011503.32;377311288517.09;"2022-09-15T00:00:00.000Z"
18534.6495954773;19456.9109010622;18415.5914968551;19413.5516208219;41135767926.23;371923967755.44;"2022-09-22T00:00:00.000Z"
19104.6207895026;19688.3443733361;18553.2973576077;19426.7213316789;53071298733.51;372279603227.33;"2022-09-28T00:00:00.000Z"
19623.5846894487;20380.3441825203;19523.8401239583;20336.842949206;35887278684.83;389843287588.34;"2022-10-04T00:00:00.000Z"
19138.9998774831;19241.9602356953;18925.6032218176;19051.4182694773;28711532910.3;365340817941.08;"2022-10-11T00:00:00.000Z"
19268.5621023075;19635.8022813631;19173.3347235856;19550.7572999132;27472552998.34;375024092833.74;"2022-10-17T00:00:00.000Z"
19567.7695803849;19589.1245755281;19206.3243067081;19345.5723482851;30202235804.59;371211779873.32;"2022-10-24T00:00:00.000Z"
20817.9822518424;20917.0062398519;20547.4634247745;20635.6037476843;31486345555.64;396075135322.21;"2022-10-30T00:00:00.000Z"
21285.0566639114;21345.3767927888;20920.1906840362;20926.4859738215;35082693210.3;401792318391.34;"2022-11-06T00:00:00.000Z"
17036.8754084418;17066.6754912523;16651.7747697243;16799.1847383999;29717699419.42;322642084634.09;"2022-11-12T00:00:00.000Z"
16687.9115750712;16947.0584011119;16564.6116800308;16697.7776677865;26862218608.57;320781106962.52;"2022-11-18T00:00:00.000Z"
16602.2695164974;16603.3169928826;16388.4049535141;16521.8410189608;18678255975.67;317499392769.32;"2022-11-25T00:00:00.000Z"
17168.0021376253;17197.4972534447;16888.3878876144;16967.1336671008;22895392882.21;326142124579.08;"2022-12-01T00:00:00.000Z"
16847.350249704;17267.9157630195;16788.7838235415;17233.4740199151;20496603769.86;331370511897.98;"2022-12-08T00:00:00.000Z"
17782.0668780371;18318.530584361;17652.0983126836;17652.0983126836;25900123362.05;339521782853.53;"2022-12-14T00:00:00.000Z"
16904.5273540499;16916.7998823679;16755.912213186;16817.534386551;14882945044.81;323570505189.58;"2022-12-21T00:00:00.000Z"
16919.2916501236;16959.8464760475;16642.073182208;16717.1739801271;15748580239.21;321717198701.45;"2022-12-27T00:00:00.000Z"
16625.5103941178;16759.3440229184;16572.2288497449;16688.4713573932;12097775226.69;321262452550.73;"2023-01-02T00:00:00.000Z"
17093.9924981225;17389.9575514263;17093.9924981225;17196.5540596395;18624736865.86;331160060320.4;"2023-01-09T00:00:00.000Z"
20977.484195217;20993.7486958535;20606.9872383992;20880.7992021821;19298407543.31;402234665331.34;"2023-01-15T00:00:00.000Z"
22777.9866614216;23056.7296500712;22387.9004628596;22720.4156286391;24746386230.08;437814457018.41;"2023-01-22T00:00:00.000Z"
23079.9643325667;23165.8958842871;22908.846464031;23031.0897756201;14712928379.05;443936922524.46;"2023-01-28T00:00:00.000Z"
23446.3207269726;23556.9488050843;23291.7956588871;23331.8471370961;15639298538.02;449874457148.45;"2023-02-04T00:00:00.000Z"
21819.0064204049;21941.185603317;21539.3928305144;21651.1837829361;27078406593.87;417588395181.59;"2023-02-10T00:00:00.000Z"
23621.2824942638;24924.0400603084;23460.7560266313;24565.6019889467;41358451254.72;473972409615.04;"2023-02-17T00:00:00.000Z"
24190.7189835462;24572.0894214544;23693.9194852587;23947.492523176;30476264066;462189287816.46;"2023-02-23T00:00:00.000Z"
23150.9299581785;23880.6324628676;23088.6266999013;23646.549899145;24662841199.56;456508161672.8;"2023-03-01T00:00:00.000Z"
22216.4423211022;22268.8962521879;21708.0505060405;21718.0798304321;22536575684.49;419421447158.25;"2023-03-08T00:00:00.000Z"
24201.7660061459;26514.7171655285;24081.1826516623;24746.0746588477;54622230163.97;478037073214.71;"2023-03-14T00:00:00.000Z"
27768.3920318154;28439.5615887102;27439.6470941503;28175.8168354249;36102192830.48;544473344614.66;"2023-03-21T00:00:00.000Z"
27994.0679232525;28037.9258606414;26606.6890011395;27139.8885305221;18188895177.73;524615890807.42;"2023-03-27T00:00:00.000Z"
28183.0803582438;28475.6225074989;27276.7199488097;27790.2208547736;19556501326.93;537360742269.69;"2023-04-03T00:00:00.000Z"
27952.3676156125;28532.8299692781;27828.4814105435;28333.0500476249;12175322950.95;548015190714.46;"2023-04-09T00:00:00.000Z"
30490.7492724237;30601.7401642927;30245.881938716;30318.4969530646;11940685377.62;586582359795.4;"2023-04-15T00:00:00.000Z"
27265.8950162583;27872.1431679039;27169.5711204099;27817.5009174373;13125734602.38;538371205878.3;"2023-04-22T00:00:00.000Z"
29481.0135350274;29572.7916927929;28929.6085418823;29340.262498158;17544464887.25;567993007155.91;"2023-04-28T00:00:00.000Z"
28851.4796617854;29668.9076771209;28845.5105337151;29534.384019705;17936566518.34;571935354879.7;"2023-05-05T00:00:00.000Z"
27621.0868718167;27621.9419861764;26781.8270021461;27000.7882707338;16724343943.18;523022981321.22;"2023-05-11T00:00:00.000Z"
27401.650207989;27466.5275901847;26415.1014830457;26832.209300486;15222938600.41;519935930271.57;"2023-05-18T00:00:00.000Z"
27224.6037024623;27224.6037024623;26106.576623118;26334.8182144365;16299104428.23;510440697384.33;"2023-05-24T00:00:00.000Z"